<?xml version="1.0" encoding="us-ascii"?>

<!DOCTYPE TranscendenceExtension
	[
	<!ENTITY unidExtension					"0x00830000">
	
	<!ENTITY scT31ArmedTransport			"0x00003009">
	<!ENTITY scSalvagerNomad				"0x000F1001">
	<!ENTITY scKateMorgentalCruiser			"0x00100007">
	<!ENTITY scStormhoundAquila				"0x00100237">
	<!ENTITY scScarabFreighter				"0x00103002">
	<!ENTITY scAurochs						"0x00103005">
	<!ENTITY scT31G3						"0x0014300D">
	<!ENTITY scCorporateCruiser				"0x00153001">
	<!ENTITY scAntaresI						"0x00153002">
	<!ENTITY scAntaresII					"0x00153003">
	<!ENTITY scAntaresV						"0x00153004">
	<!ENTITY scEI200						"0x00153005">
	<!ENTITY scEI7000						"0x00153006">
	<!ENTITY scKateMorgentalCruiserArena	"0x0015300B">
	<!ENTITY scCharonFrigateRaider			"0x00163004">
	<!ENTITY scCharonFrigateKronosaurus		"0x00163005">
	<!ENTITY scSungTransport				"0x00193001">
	<!ENTITY scEarthSlaver					"0x00193004">
	<!ENTITY scDragonSlaver					"0x00193005">
	<!ENTITY scCarrierEarthSlaver			"0x00193006">
	<!ENTITY scCSCHospital					"0x001A3001">
	<!ENTITY scCSCTaskForce					"0x001A3002">
	<!ENTITY scAquilaCruiser				"0x001A3003">
	<!ENTITY scCSCTerra						"0x001A3004">
	<!ENTITY scCSCAntarctica				"0x001A3005">
	<!ENTITY scPolar						"0x001B3003">
	<!ENTITY scCometfall					"0x001B3005">
	<!ENTITY scDeimos						"0x001B3007">
	<!ENTITY scPhobos						"0x001B3008">
	<!ENTITY scPolar2						"0x001B3009">
	<!ENTITY scIocrymCommandShip			"0x001C3001">
	<!ENTITY scSvalbardExplorer				"0x001C3002">
	<!ENTITY scIocrymSentinel				"0x001C3004">
	<!ENTITY scHuygensExplorer				"0x001C3005">
	<!ENTITY scHeliotropeFrigate			"0x08010043">
	<!ENTITY scXenophobeDefender			"0x08010083">
	<!ENTITY scXenophobeWorldship			"0x08010084">
	<!ENTITY scXenophobeArk					"0x08010085">
	<!ENTITY scVentariDestroyer				"0x080100C1">
	<!ENTITY scHurinDestroyer				"0x08020101">
	<!ENTITY scDwargMaster					"0x08020144">
	<!ENTITY scDwargBehemoth				"0x08020145">
	<!ENTITY scT55ArmedTransport			"0x08030008">
	<!ENTITY scTripoli						"0x08030043">
	<!ENTITY scDrake						"0x08030044">
	<!ENTITY scMarauderRaidPlatform			"0x08030046">
	<!ENTITY scRogueMineLayer				"0x080300C2">
	<!ENTITY scUrakDestroyer				"0x08030145">
	<!ENTITY scRanxDreadnought				"0x080400C3">
	<!ENTITY scFerianWarrior				"0x08040102">
	<!ENTITY scGaianProcessor				"0x08040141">
	
	<!ENTITY scT55ArmedTransportW5			"0x00810143">
	<!ENTITY scAnubis						"0x00810150">
	<!ENTITY scHathor						"0x00810151">
	
	<!ENTITY scKaga							"0x009101D5">
	
	<!ENTITY rsPhobosHD						"0x00830001">
	<!ENTITY rsCorporateCruiserHD			"0x00830002">
	<!ENTITY rsAntaresIHD					"0x00830003">
	<!ENTITY rsAntaresIIHD					"0x00830004">
	<!ENTITY rsAntaresVHD					"0x00830005">
	<!ENTITY rsEI200HD						"0x00830006">
	<!ENTITY rsSalvagerNomadHD				"0x00830007">
	<!ENTITY rsUrakDestroyerHD				"0x00830008">
	<!ENTITY rsEI7000HD						"0x00830009">
	<!ENTITY rsMarauderRaidPlatformHD		"0x0083000A">
	<!ENTITY rsDrakeHD						"0x0083000B">
	<!ENTITY rsCharonFrigateHD				"0x0083000C">
	<!ENTITY rsHeliotropeFrigateHD			"0x0083000D">
	<!ENTITY rsTripoliHD					"0x0083000E">
	<!ENTITY rsFerianWarriorHD				"0x0083000F">
	<!ENTITY rsDwargMasterHD				"0x00830010">
	<!ENTITY rsDwargBehemothHD				"0x00830011">
	<!ENTITY rsScarabHD						"0x00830012">
	<!ENTITY rsRanxDreadnoughtHD			"0x00830013">
	<!ENTITY rsEarthSlaverHD				"0x00830014">
	<!ENTITY rsSungTransportHD				"0x00830015">
	<!ENTITY rsT31TransportHD				"0x00830016">
	<!ENTITY rsT55TransportHD				"0x00830017">
	<!ENTITY rsDragonSlaverHD				"0x00830018">
	<!ENTITY rsXenophobeDefenderHD			"0x00830019">
	<!ENTITY rsXenophobeWorldshipHD			"0x0083001A">
	<!ENTITY rsXenophobeArkHD				"0x0083001B">
	<!ENTITY rsHurinHD						"0x0083001C">
	<!ENTITY rsCSCHD						"0x0083001D">
	<!ENTITY rsCometfallHD					"0x0083001E">
	<!ENTITY rsDeimosHD						"0x0083001F">
	<!ENTITY rsPolarFreighterHD				"0x00830020">
	<!ENTITY rsAquilaHD						"0x00830021">
	<!ENTITY rsAurochsHD					"0x00830022">
	<!ENTITY rsIocrymCommandShipHD			"0x00830023">
	<!ENTITY rsIocrymSentinelHD				"0x00830024">
	<!ENTITY rsCorporateExplorerHD			"0x00830025">
	<!ENTITY rsVentariDestroyerHD			"0x00830026">
	<!ENTITY rsGaianProcessorHD				"0x00830027">
	<!ENTITY rsHDCover						"0x00830028">
	]>

<TranscendenceExtension UNID="&unidExtension;"
		name=			"The Stars of the Pilgrim HD"
		release=		"1"
		version=		"1.0.3"
		apiVersion=		"35"
		extends=		"0x00100000"
		autoInclude=	"true"
		credits=		"George Moromisato"
		coverImageID=	"&rsHDCover;"
		>
	
	<!-- Antares Freighters -->

	<ShipClassOverride UNID="&scAntaresI;">
		<Image imageID="&rsAntaresIHD;" imageWidth="128" imageHeight="128"	rotationCount="120"/>
	</ShipClassOverride>
		
	<ShipClassOverride UNID="&scAntaresII;">
		<Image imageID="&rsAntaresIIHD;" imageWidth="128" imageHeight="128"	rotationCount="120"/>
	</ShipClassOverride>
		
	<ShipClassOverride UNID="&scAntaresV;">
		<Image imageID="&rsAntaresVHD;" imageWidth="180" imageHeight="180"	rotationCount="120"/>
	</ShipClassOverride>
		
	<Image UNID="&rsAntaresIHD;"		bitmap="AntaresIHD.jpg" bitmask="AntaresIHDMask.bmp"  loadOnUse="true"/>
	<Image UNID="&rsAntaresIIHD;"		bitmap="AntaresIIHD.jpg" bitmask="AntaresIIHDMask.bmp"  loadOnUse="true"/>
	<Image UNID="&rsAntaresVHD;"		bitmap="AntaresVHD.jpg" bitmask="AntaresVHDMask.bmp"  loadOnUse="true"/>
	
	<!-- Ares Orthodoxy -->

	<ShipClassOverride UNID="&scCometfall;">
		<Image imageID="&rsCometfallHD;" imageWidth="130" imageHeight="130"	rotationCount="120" rotationColumns="12"/>
	</ShipClassOverride>

	<ShipClassOverride UNID="&scDeimos;">
		<Image imageID="&rsDeimosHD;" imageWidth="170" imageHeight="170" rotationOffset="-30"	rotationCount="120" rotationColumns="12"/>
	</ShipClassOverride>

	<ShipClassOverride UNID="&scPhobos;">
		<Image imageID="&rsPhobosHD;" imageWidth="256" imageHeight="256"	rotationCount="120"/>
	</ShipClassOverride>

	<ShipClassOverride UNID="&scPolar;">
		<Image imageID="&rsPolarFreighterHD;" imageWidth="192" imageHeight="192"	rotationCount="120" rotationColumns="12"/>
	</ShipClassOverride>

	<ShipClassOverride UNID="&scPolar2;">
		<Image imageID="&rsPolarFreighterHD;" imageWidth="192" imageHeight="192"	rotationCount="120" rotationColumns="12"/>
	</ShipClassOverride>

	<Image UNID="&rsCometfallHD;"			bitmap="CometfallHD.jpg" bitmask="CometfallHDMask.bmp"  loadOnUse="true"/>
	<Image UNID="&rsDeimosHD;"			bitmap="DeimosHD.jpg" bitmask="DeimosHDMask.bmp"  loadOnUse="true"/>
	<Image UNID="&rsPhobosHD;"				bitmap="PhobosHD.jpg" bitmask="PhobosHDMask.bmp"  loadOnUse="true"/>
	<Image UNID="&rsPolarFreighterHD;"		bitmap="PolarFreighterHD.jpg" bitmask="PolarFreighterHDMask.bmp"  loadOnUse="true"/>
	
	<!-- Commonwealth -->
	
	<ShipClassOverride UNID="&scEI200;">
		<Image imageID="&rsEI200HD;" imageWidth="90" imageHeight="90"	rotationCount="120" rotationColumns="12"/>
	</ShipClassOverride>
	
	<ShipClassOverride UNID="&scEI7000;">
		<Image imageID="&rsEI7000HD;" imageWidth="110" imageHeight="110"	rotationCount="120" rotationColumns="12" viewportRatio="0.01"/>
	</ShipClassOverride>
	
	<ShipClassOverride UNID="&scScarabFreighter;">
		<Image imageID="&rsScarabHD;" imageWidth="192" imageHeight="192"	rotationCount="120" rotationColumns="12"/>
	</ShipClassOverride>
	
	<Image UNID="&rsEI200HD;"		bitmap="EI200HD.jpg" bitmask="EI200HDMask.bmp" loadOnUse="true"/>
	<Image UNID="&rsEI7000HD;"		bitmap="EI7000HD.jpg" bitmask="EI7000HDMask.bmp" loadOnUse="true"/>
	<Image UNID="&rsScarabHD;"		bitmap="ScarabHD.jpg" bitmask="ScarabHDMask.bmp" loadOnUse="true"/>
	
	<!-- Commonwealth Fleet -->
	
	<ShipClassOverride UNID="&scAquilaCruiser;">
		<Image imageID="&rsAquilaHD;" imageWidth="210" imageHeight="210"	rotationCount="120" rotationColumns="12"/>
	</ShipClassOverride>
	
	<ShipClassOverride UNID="&scStormhoundAquila;">
		<Image imageID="&rsAquilaHD;" imageWidth="210" imageHeight="210"	rotationCount="120" rotationColumns="12"/>
	</ShipClassOverride>
	
	<ShipClassOverride UNID="&scCSCHospital;">
		<Image imageID="&rsCSCHD;" imageWidth="370" imageHeight="370"	rotationCount="120" rotationColumns="12"/>
	</ShipClassOverride>
	
	<ShipClassOverride UNID="&scCSCTaskForce;">
		<Image imageID="&rsCSCHD;" imageWidth="370" imageHeight="370"	rotationCount="120" rotationColumns="12"/>
	</ShipClassOverride>
	
	<ShipClassOverride UNID="&scCSCTerra;">
		<Image imageID="&rsCSCHD;" imageWidth="370" imageHeight="370"	rotationCount="120" rotationColumns="12"/>
	</ShipClassOverride>
	
	<ShipClassOverride UNID="&scCSCAntarctica;">
		<Image imageID="&rsCSCHD;" imageWidth="370" imageHeight="370"	rotationCount="120" rotationColumns="12"/>
	</ShipClassOverride>
	
	<Image UNID="&rsAquilaHD;"	bitmap="AquilaHD.jpg" bitmask="AquilaHDMask.bmp" loadOnUse="true"/>
	<Image UNID="&rsCSCHD;"		bitmap="CSCHD.jpg" bitmask="CSCHDMask.bmp" loadOnUse="true"/>
	
	<!-- Corporate Hierarchy -->

	<ShipClassOverride UNID="&scCorporateCruiser;">
		<Image imageID="&rsCorporateCruiserHD;" imageWidth="230" imageHeight="230"	rotationCount="120"/>
	</ShipClassOverride>

	<ShipClassOverride UNID="&scKateMorgentalCruiser;">
		<Image imageID="&rsCorporateCruiserHD;" imageWidth="230" imageHeight="230"	rotationCount="120"/>
	</ShipClassOverride>
	
	<ShipClassOverride UNID="&scKateMorgentalCruiserArena;">
		<Image imageID="&rsCorporateCruiserHD;" imageWidth="230" imageHeight="230"	rotationCount="120"/>
	</ShipClassOverride>
	
	<ShipClassOverride UNID="&scSvalbardExplorer;">
		<Image imageID="&rsCorporateExplorerHD;" imageWidth="192" imageHeight="192"	rotationCount="120" rotationColumns="12"/>
	</ShipClassOverride>
	
	<ShipClassOverride UNID="&scHuygensExplorer;">
		<Image imageID="&rsCorporateExplorerHD;" imageWidth="192" imageHeight="192"	rotationCount="120" rotationColumns="12"/>
	</ShipClassOverride>
	
	<Image UNID="&rsCorporateCruiserHD;"	bitmap="CorporateCruiserHD.jpg" bitmask="CorporateCruiserHDMask.bmp"  loadOnUse="true"/>
	<Image UNID="&rsCorporateExplorerHD;"	bitmap="CorporateExplorerHD.jpg" bitmask="CorporateExplorerHDMask.bmp"  loadOnUse="true"/>
	
	<!-- Dwarg -->
	
	<ShipClassOverride UNID="&scDwargMaster;">
		<Image imageID="&rsDwargMasterHD;" imageWidth="96" imageHeight="96"	rotationCount="120" rotationColumns="12"/>
	</ShipClassOverride>
	
	<ShipClassOverride UNID="&scDwargBehemoth;">
		<Image imageID="&rsDwargBehemothHD;" imageWidth="110" imageHeight="110"	rotationCount="120" rotationColumns="12"/>
	</ShipClassOverride>
	
	<Image UNID="&rsDwargMasterHD;"		bitmap="DwargMasterHD.jpg" bitmask="DwargMasterHDMask.bmp" loadOnUse="true"/>
	<Image UNID="&rsDwargBehemothHD;"	bitmap="DwargBehemothHD.jpg" bitmask="DwargBehemothHDMask.bmp" loadOnUse="true"/>
	
	<!-- Ferians -->
	
	<ShipClassOverride UNID="&scFerianWarrior;">
		<Image imageID="&rsFerianWarriorHD;"	imageWidth="144" imageHeight="144"	rotationCount="120" rotationColumns="12"/>
	</ShipClassOverride>
	
	<Image UNID="&rsFerianWarriorHD;"		bitmap="FerianWarriorHD.jpg" bitmask="FerianWarriorHDMask.bmp" loadOnUse="true"/>
	
	<!-- Gaian Terraformers -->
	
	<ShipClassOverride UNID="&scGaianProcessor;">
		<Image imageID="&rsGaianProcessorHD;"	imageWidth="192" imageHeight="192"	rotationCount="120" rotationColumns="12"/>
	</ShipClassOverride>
	
	<Image UNID="&rsGaianProcessorHD;"		bitmap="GaianProcessorHD.jpg" bitmask="GaianProcessorHDMask.bmp" loadOnUse="true"/>
	
	<!-- Heliotropes -->
	
	<ShipClassOverride UNID="&scHeliotropeFrigate;">
		<Image imageID="&rsHeliotropeFrigateHD;"	imageWidth="120" imageHeight="120"	rotationCount="120" rotationColumns="12"/>
	</ShipClassOverride>
	
	<Image UNID="&rsHeliotropeFrigateHD;"		bitmap="HeliotropeFrigateHD.jpg" bitmask="HeliotropeFrigateHDMask.bmp" loadOnUse="true"/>
	
	<!-- Huari Empire -->
	
	<ShipClassOverride UNID="&scHurinDestroyer;">
		<Image imageID="&rsHurinHD;"	imageWidth="164" imageHeight="164"	rotationCount="120" rotationColumns="12"/>
	</ShipClassOverride>
	
	<Image UNID="&rsHurinHD;"		bitmap="HurinHD.jpg" bitmask="HurinHDMask.bmp" loadOnUse="true"/>
	
	<!-- Iocrym -->
	
	<ShipClassOverride UNID="&scIocrymCommandShip;">
		<Image imageID="&rsIocrymCommandShipHD;"	imageWidth="300" imageHeight="300"	rotationCount="120" rotationColumns="12"/>
	</ShipClassOverride>
	
	<ShipClassOverride UNID="&scIocrymSentinel;">
		<Image imageID="&rsIocrymSentinelHD;"	imageWidth="128" imageHeight="128"	rotationCount="120" rotationColumns="12"/>
	</ShipClassOverride>
	
	<Image UNID="&rsIocrymCommandShipHD;"		bitmap="IocrymCommandShipHD.jpg" bitmask="IocrymCommandShipHDMask.bmp" loadOnUse="true"/>
	<Image UNID="&rsIocrymSentinelHD;"			bitmap="IocrymSentinelHD.jpg" bitmask="IocrymSentinelHDMask.bmp" loadOnUse="true"/>
	
	<!-- Outlaws -->
	
	<ShipClassOverride UNID="&scT31ArmedTransport;">
		<Image imageID="&rsT31TransportHD;"	imageWidth="90" imageHeight="90"	rotationCount="120" rotationColumns="12"/>
	</ShipClassOverride>
	
	<ShipClassOverride UNID="&scT31G3;">
		<Image imageID="&rsT31TransportHD;"	imageWidth="90" imageHeight="90"	rotationCount="120" rotationColumns="12"/>
	</ShipClassOverride>
	
	<ShipClassOverride UNID="&scT55ArmedTransport;">
		<Image imageID="&rsT55TransportHD;"	imageWidth="120" imageHeight="120"	rotationCount="120" rotationColumns="12"/>
	</ShipClassOverride>
	
	<ShipClassOverride UNID="&scT55ArmedTransportW5;">
		<Image imageID="&rsT55TransportHD;"	imageWidth="120" imageHeight="120"	rotationCount="120" rotationColumns="12"/>
	</ShipClassOverride>
	
	<ShipClassOverride UNID="&scAnubis;">	<!-- LATER: Remove when we create the proper image -->
		<Image imageID="&rsT55TransportHD;"	imageWidth="120" imageHeight="120"	rotationCount="120" rotationColumns="12"/>
	</ShipClassOverride>
	
	<ShipClassOverride UNID="&scHathor;">	<!-- LATER: Remove when we create the proper image -->
		<Image imageID="&rsT55TransportHD;"	imageWidth="120" imageHeight="120"	rotationCount="120" rotationColumns="12"/>
	</ShipClassOverride>
	
	<ShipClassOverride UNID="&scKaga;">		<!-- LATER: Remove when we create the proper image -->
		<Image imageID="&rsT55TransportHD;"	imageWidth="120" imageHeight="120"	rotationCount="120" rotationColumns="12"/>
	</ShipClassOverride>
	
	<Image UNID="&rsT31TransportHD;"		bitmap="T31TransportHD.jpg" bitmask="T31TransportHDMask.bmp" loadOnUse="true"/>
	<Image UNID="&rsT55TransportHD;"		bitmap="T55TransportHD.jpg" bitmask="T55TransportHDMask.bmp" loadOnUse="true"/>
	
	<!-- Pirates -->
	
	<ShipClassOverride UNID="&scCharonFrigateRaider;">
		<Image imageID="&rsCharonFrigateHD;" imageWidth="140" imageHeight="140"	rotationCount="120" rotationColumns="12"/>
	</ShipClassOverride>
	
	<ShipClassOverride UNID="&scCharonFrigateKronosaurus;">
		<Image imageID="&rsCharonFrigateHD;" imageWidth="140" imageHeight="140"	rotationCount="120" rotationColumns="12"/>
	</ShipClassOverride>
	
	<ShipClassOverride UNID="&scDrake;">
		<Image imageID="&rsDrakeHD;" imageWidth="96" imageHeight="96"	rotationCount="120" rotationColumns="12"/>
	</ShipClassOverride>
	
	<ShipClassOverride UNID="&scMarauderRaidPlatform;">
		<Image imageID="&rsMarauderRaidPlatformHD;" imageWidth="128" imageHeight="128"	rotationCount="120" rotationColumns="12"/>
	</ShipClassOverride>
	
	<ShipClassOverride UNID="&scTripoli;">
		<Image imageID="&rsTripoliHD;" imageWidth="156" imageHeight="156"	rotationCount="120" rotationColumns="12"/>
	</ShipClassOverride>
	
	<Image UNID="&rsCharonFrigateHD;"			bitmap="CharonFrigateHD.jpg" bitmask="CharonFrigateHDMask.bmp" loadOnUse="true"/>
	<Image UNID="&rsDrakeHD;"					bitmap="DrakeHD.jpg" bitmask="DrakeHDMask.bmp" loadOnUse="true"/>
	<Image UNID="&rsMarauderRaidPlatformHD;"	bitmap="MarauderRaidPlatformHD.jpg" bitmask="MarauderRaidPlatformHDMask.bmp" loadOnUse="true"/>
	<Image UNID="&rsTripoliHD;"					bitmap="TripoliHD.jpg" bitmask="TripoliHDMask.bmp" loadOnUse="true"/>
	
	<!-- Ranx -->
	
	<ShipClassOverride UNID="&scRanxDreadnought;">
		<Image imageID="&rsRanxDreadnoughtHD;"	imageWidth="280" imageHeight="280"	rotationCount="120" rotationColumns="12" viewportRatio="0.0475"/>
	</ShipClassOverride>
	
	<Image UNID="&rsRanxDreadnoughtHD;"		bitmap="RanxDreadnoughtHD.jpg" bitmask="RanxDreadnoughtHDMask.bmp" loadOnUse="true"/>
	
	<!-- Salvagers -->
	
	<ShipClassOverride UNID="&scSalvagerNomad;">
		<Image imageID="&rsSalvagerNomadHD;"	imageWidth="184" imageHeight="184"	viewportSize="230" rotationCount="120" rotationColumns="12"/>
	</ShipClassOverride>
	
	<Image UNID="&rsSalvagerNomadHD;"		bitmap="SalvagerNomadHD.jpg" bitmask="SalvagerNomadHDMask.bmp" loadOnUse="true"/>
	
	<!-- Sung Slavers -->

	<ShipClassOverride UNID="&scDragonSlaver;">
		<Image imageID="&rsDragonSlaverHD;"	imageWidth="128" imageHeight="128"	rotationCount="120" rotationColumns="12"/>
	</ShipClassOverride>
	
	<ShipClassOverride UNID="&scEarthSlaver;">
		<Image imageID="&rsEarthSlaverHD;"	imageWidth="128" imageHeight="128"	rotationCount="120" rotationColumns="12"/>
	</ShipClassOverride>
	
	<ShipClassOverride UNID="&scCarrierEarthSlaver;">
		<Image imageID="&rsEarthSlaverHD;"	imageWidth="128" imageHeight="128"	rotationCount="120" rotationColumns="12"/>
	</ShipClassOverride>
	
	<ShipClassOverride UNID="&scSungTransport;">
		<Image imageID="&rsSungTransportHD;"	imageWidth="216" imageHeight="216"	rotationCount="120" rotationColumns="12"/>
	</ShipClassOverride>
	
	<Image UNID="&rsDragonSlaverHD;"	bitmap="DragonSlaverHD.jpg" bitmask="DragonSlaverHDMask.bmp" loadOnUse="true"/>
	<Image UNID="&rsEarthSlaverHD;"		bitmap="EarthSlaverHD.jpg" bitmask="EarthSlaverHDMask.bmp" loadOnUse="true"/>
	<Image UNID="&rsSungTransportHD;"	bitmap="SungTransportHD.jpg" bitmask="SungTransportHDMask.bmp" loadOnUse="true"/>
	
	<!-- Urak Warlords -->
	
	<ShipClassOverride UNID="&scUrakDestroyer;">
		<Image imageID="&rsUrakDestroyerHD;" imageWidth="180" imageHeight="180"	rotationCount="120" rotationColumns="12"/>
	</ShipClassOverride>
	
	<Image UNID="&rsUrakDestroyerHD;"		bitmap="UrakDestroyerHD.jpg" bitmask="UrakDestroyerHDMask.bmp" loadOnUse="true"/>
	
	<!-- Ventari Settlers -->
	
	<ShipClassOverride UNID="&scVentariDestroyer;">
		<Image imageID="&rsVentariDestroyerHD;"	imageWidth="150" imageHeight="150"	rotationCount="120" rotationColumns="12"/>
	</ShipClassOverride>
	
	<Image UNID="&rsVentariDestroyerHD;"	bitmap="VentariDestroyerHD.jpg" bitmask="VentariDestroyerHDMask.bmp" loadOnUse="true"/>
	
	<!-- Xenophobes -->

	<ShipClassOverride UNID="&scXenophobeDefender;">
		<Image imageID="&rsXenophobeDefenderHD;" imageWidth="180" imageHeight="180"	rotationCount="120" rotationColumns="12"/>
	</ShipClassOverride>
	
	<ShipClassOverride UNID="&scXenophobeWorldship;">
		<Image imageID="&rsXenophobeWorldshipHD;" imageWidth="250" imageHeight="250"	rotationCount="120" rotationColumns="12"/>
	</ShipClassOverride>
	
	<ShipClassOverride UNID="&scXenophobeArk;">
		<Image imageID="&rsXenophobeArkHD;" imageWidth="256" imageHeight="256"	rotationCount="120" rotationColumns="12"/>
	</ShipClassOverride>
	
	<Image UNID="&rsXenophobeDefenderHD;"		bitmap="XenophobeDefenderHD.jpg" bitmask="XenophobeDefenderHDMask.bmp" loadOnUse="true"/>
	<Image UNID="&rsXenophobeWorldshipHD;"		bitmap="XenophobeWorldshipHD.jpg" bitmask="XenophobeWorldshipHDMask.bmp" loadOnUse="true"/>
	<Image UNID="&rsXenophobeArkHD;"		bitmap="XenophobeArkHD.jpg" bitmask="XenophobeArkHDMask.bmp" loadOnUse="true"/>
	
	<!-- RESOURCES -->
	
	<Image UNID="&rsHDCover;"		bitmap="HDCover.jpg"			loadOnUse="true" />
	
	<!-- OBSOLETE
	
		These images have been moved to Core, but we still need them here for 
		backwards compatibility.
		
	-->
	
	<Image UNID="&rsAurochsHD;"	bitmap="AurochsHD.jpg" bitmask="AurochsHDMask.bmp" loadOnUse="true"/>

</TranscendenceExtension>
