<?xml version="1.0" encoding="utf-8"?>

<TranscendenceModule>

	<!-- Slicer Cannon -->

	<ItemType UNID="&itSlicerCannon;"
			name=				"PM6 Slicer cannon"
			level=				"6"
			value=				"30000"
			mass=				"4000"
			frequency=			"notrandom"
			attributes=			"cannotOrder, EI; EnergyWeapon; MajorItem"

			description=		"A modified particle cannon firing crisscrossing beams."

			sortName=			"slicer cannon, PM6"
			>

		<Image imageID="&rsItemsEI2;" imageX="192" imageY="192" imageWidth="96" imageHeight="96"/>

		<Weapon
				type=				"beam"

				damage=				"particle:2d8+1"
				fireRate=			"6"
				lifetime=			"30"
				powerUse=			"300"

				effect=				"&efParticleBeamDefault;"
				sound=				"&snLaserCannon;"
				>

			<Configuration aimTolerance="5" alternating="true">
				<Shot posAngle="90" posRadius="20" angle="-3"/>
				<Shot posAngle="270" posRadius="20" angle="3"/>
			</Configuration>
		</Weapon>
	</ItemType>

<!-- Gladiator (Level 1) ================================================== -->

	<!-- Borer-class Gunship -->

	<ShipClass UNID="&scBorerG1;"
			manufacturer=		"United African States"
			class=				"Borer"
			type=				"gunship"

			attributes=			"battleArena, melee1"
			   
			mass=				"200"
			thrustRatio=		"4"
			maxSpeed=			"10"
			cargoSpace=			"25"
			>

		<!-- Configuration -->
		
		<Armor
			armorID=			"&itLightReactiveArmor;"
			count=				"4"
			/>
		
		<Devices>
			<Table>
				<Device chance="20" item="&itFastFireLaserCannon;" enhanced="10"/>
				<Device chance="20" item="&itBlaster;" enhanced="15"/>
				<Device chance="20" item="&itHeavyRecoillessCannon;" enhanced="10"/>
				<Device chance="40" item="&itMiningLaser;" enhanced="5"/>
			</Table>
		</Devices>

		<Maneuver
			maxRotationRate=	"3.0"
			rotationAccel=		"0.5"
			/>

		<!-- Image and Effects -->
		
		<Image imageID="&rsBorer;" imageX="0" imageY="0" imageWidth="72" imageHeight="72"/>

		<Effects>
			<Effect type="thrustMain"		posAngle="180"	posRadius="14"	posZ="-25"	rotation="180"/>
			<Effect type="thrustMain"		posAngle="122"	posRadius="25"	posZ="0"	rotation="180"/>
			<Effect type="thrustMain"		posAngle="-122"	posRadius="25"	posZ="0"	rotation="180"/>
			<Effect type="thrustMain"		posAngle="180"	posRadius="14"	posZ="25"	rotation="180"/>
		</Effects>

		<!-- AI and Behavior -->

		<AISettings
			aggressor=			"true"
			fireRateAdj=		"30"
			fireAccuracy=		"80"
			perception=			"4"
			/>

		<StaticData>
			<arenaSkillBase>
				0
			</arenaSkillBase>
		</StaticData>
	</ShipClass>

	<!-- EI100 Freighter -->

	<ShipClass UNID="&scEI100G1;"
			manufacturer=		"Earth Industries"
			class=				"EI100"
			type=				"freighter"

			mass=				"100"
			cargoSpace=			"250"
			thrustRatio=		"2.2"
			maxSpeed=			"12"

			attributes=			"battleArena, melee1"
			>

		<Armor>
			<ArmorSection start="315" span="90" armorID="&itLightReactiveArmor;"/>
			<ArmorSection start="225" span="90" armorID="&itLightReactiveArmor;"/>
			<ArmorSection start="135" span="90" armorID="&itLightReactiveArmor;"/>
			<ArmorSection start="45"  span="90" armorID="&itLightReactiveArmor;"/>
		</Armor>

		<Devices>
			<Table>
				<Device chance="40" item="&itLaserCannon;" omnidirectional="true"/>
				<Device chance="20" item="&itRecoillessCannon;" omnidirectional="true"/>
				<Device chance="20" item="&itLightRecoillessCannon;" omnidirectional="true"/>

				<Device chance="20" item="&itNAMIMissileLauncher;">
					<Items>
						<Table>
							<Item chance="80" count="4d6" item="&itKM100Missile;"/>
							<Item chance="20" count="4d6" item="&itFragmentationMissile;"/>
						</Table>
					</Items>
				</Device>
			</Table>

			<Device item="&itClass1Deflector;"/>
		</Devices>

		<Maneuver
			maxRotationRate=	"4.5"
			rotationAccel=		"0.5"
			/>

		<Image imageID="&rsEI100Image;" imageX="0" imageY="0" imageWidth="70" imageHeight="70"/>

		<Effects>
			<Effect type="thrustMain"		posAngle="180"	posRadius="29"	posZ="8"	rotation="180"/>
		</Effects>
		
		<AISettings
			aggressor=			"true"
			fireRateAdj=		"30"
			fireAccuracy=		"80"
			perception=			"4"
		/>

		<StaticData>
			<arenaSkillBase>
				0
			</arenaSkillBase>
		</StaticData>

	</ShipClass>

	<!-- Light IAV -->

	<ShipClass UNID="&scIAVLightG1;"
			manufacturer=		""
			class=				"light IAV"
			type=				""

			mass=				"25"
			cargoSpace=			"5"
			thrustRatio=		"6"
			maxSpeed=			"13"

			attributes=			"battleArena, melee1"
			>

		<Armor>
			<ArmorSection start="270" span="180" armorID="&itLightTitaniumPlate;" />
			<ArmorSection start="90"  span="180" armorID="&itLightTitaniumPlate;" />
		</Armor>

		<Devices>
			<Table>
				<Device chance="30" item="&itLightRecoillessCannon;" enhanced="10"/>
				<Device chance="45" item="&itLaserCannon;" enhanced="15"/>
				<Device chance="25" item="&itRecoillessCannon;" enhanced="5"/>
			</Table>
		</Devices>

		<Maneuver
			maxRotationRate=	"5.0"
			rotationAccel=		"1.0"
			/>

		<Image imageID="&rsIAVLight;" imageWidth="48" imageHeight="48"/>

		<Effects>
			<Effect type="thrustMain"		posAngle="160"	posRadius="22"	posZ="0"	rotation="180"/>
			<Effect type="thrustMain"		posAngle="180"	posRadius="21"	posZ="0"	rotation="180"/>
			<Effect type="thrustMain"		posAngle="-160"	posRadius="22"	posZ="0"	rotation="180"/>
		</Effects>

		<AISettings
			aggressor=			"true"
			fireRateAdj=		"30"
			fireRangeAdj=		"50"
			fireAccuracy=		"90"
			perception=			"4"
			/>

		<StaticData>
			<arenaSkillBase>
				0
			</arenaSkillBase>
		</StaticData>

	</ShipClass>

	<!-- Ronin A-class Gunship -->

	<ShipClass UNID="&scRoninG1;"
			manufacturer=		"Pacific Defense Corporation"
			class=				"Ronin/A"
			type=				"gunship"
			level=				"1"

			mass=				"60"
			cargoSpace=			"50"
			thrustRatio=		"5.5"
			maxSpeed=			"20"

			attributes=			"battleArena, melee1"
			>

		<Armor>
			<ArmorSection start="315" span="90" armorID="&itLightCeramicPlate;"/>
			<ArmorSection start="225" span="90" armorID="&itLightCeramicPlate;"/>
			<ArmorSection start="135" span="90" armorID="&itLightCeramicPlate;"/>
			<ArmorSection start="45"  span="90" armorID="&itLightCeramicPlate;"/>
		</Armor>

		<Devices>
			<Table>
				<Device chance="15" item="&itDualLaserCannon;" enhanced="10"/>
				<Device chance="30" item="&itFastFireLaserCannon;" enhanced="10"/>
				<Device chance="30" item="&itBlaster;" enhanced="15"/>
				<Device chance="15" item="&itTridentCannon;" enhanced="15"/>
				<Device chance="10" item="&itHeavyRecoillessCannon;" enhanced="10"/>
			</Table>
		</Devices>

		<Maneuver
			maxRotationRate=	"9.0"
			rotationAccel=		"1.0"
			/>

		<Image imageID="&rsMediumShips1;" imageX="96" imageY="0" imageWidth="48" imageHeight="48"/>

		<Effects>
			<Effect type="thrustMain"		posAngle="148"	posRadius="20"	posZ="0"	rotation="180"/>
			<Effect type="thrustMain"		posAngle="-148"	posRadius="20"	posZ="0"	rotation="180"/>
		</Effects>
		
		<AISettings
			aggressor=			"true"
			fireRateAdj=		"30"
			fireRangeAdj=		"50"
			fireAccuracy=		"90"
			perception=			"4"
			/>

		<StaticData>
			<arenaSkillBase>
				0
			</arenaSkillBase>
		</StaticData>

	</ShipClass>

<!-- Gladiator (Level 2) ================================================== -->

	<!-- Earthzone Armed Shuttle -->

	<ShipClass UNID="&scEarthzoneG2;"
			manufacturer=		"Revolution Designs"
			class=				"Earthzone"
			type=				"armed shuttle"
			level=				"2"

			mass=				"50"
			cargoSpace=			"50"
			thrustRatio=		"4"
			maxSpeed=			"20"

			attributes=			"battleArena, melee2"
			>

		<Armor>
			<ArmorSection start="315" span="90" armorID="&itTitaniumPlate;"/>
			<ArmorSection start="225" span="90" armorID="&itTitaniumPlate;"/>
			<ArmorSection start="135" span="90" armorID="&itTitaniumPlate;"/>
			<ArmorSection start="45"  span="90" armorID="&itTitaniumPlate;"/>
		</Armor>

		<Devices>
			<Table>
				<Device chance="15" item="&itFastFireLaserCannon;"/>
				<Device chance="30" item="&itOmniLaserCannon;"/>
				<Device chance="15" item="&itDisposableLauncher;"/>

				<Group chance="40">
					<Table>
						<Device chance="50" item="&itLaserCannon;"/>
						<Device chance="30" item="&itRecoillessCannon;"/>
						<Device chance="20" item="&itDualLaserCannon;"/>
					</Table>

					<Device item="&itLaserDeflector;"/>
				</Group>
			</Table>
		</Devices>

		<Maneuver
			maxRotationRate=	"9.0"
			rotationAccel=		"1.0"
			/>

		<Image imageID="&rsMediumShips1;" imageX="192" imageY="0" imageWidth="48" imageHeight="48"/>

		<Effects>
			<Effect type="thrustMain"		posAngle="158"	posRadius="18"	posZ="0"	rotation="180"	sendToBack="*"/>
			<Effect type="thrustMain"		posAngle="-158"	posRadius="18"	posZ="0"	rotation="180"	sendToBack="*"/>
		</Effects>
		
		<AISettings
			aggressor=			"true"
			fireRateAdj=		"20"
			fireRangeAdj=		"50"
			fireAccuracy=		"90"
			perception=			"4"
			/>

		<StaticData>
			<arenaSkillBase>
				0
			</arenaSkillBase>
		</StaticData>

	</ShipClass>

	<!-- EI100 Freighter -->

	<ShipClass UNID="&scEI100G2;"
			manufacturer=		"Earth Industries"
			class=				"EI100"
			type=				"freighter"

			mass=				"100"
			cargoSpace=			"250"
			thrustRatio=		"2.2"
			maxSpeed=			"12"

			attributes=			"battleArena, melee2"
			>

		<Armor>
			<ArmorSection start="315" span="90" armorID="&itReactiveArmor;"/>
			<ArmorSection start="225" span="90" armorID="&itReactiveArmor;"/>
			<ArmorSection start="135" span="90" armorID="&itReactiveArmor;"/>
			<ArmorSection start="45"  span="90" armorID="&itReactiveArmor;"/>
		</Armor>

		<Devices>
			<Table>
				<Device chance="20" item="&itBlaster;" omnidirectional="true"/>
				<Device chance="20" item="&itFastFireLaserCannon;" omnidirectional="true"/>
				<Device chance="20" item="&itHeavyRecoillessCannon;" omnidirectional="true"/>

				<Device chance="40" item="&itNAMIMissileLauncher;">
					<Items>
						<Table>
							<Item chance="80" count="4d6" item="&itKM100Missile;"/>
							<Item chance="20" count="4d6" item="&itFragmentationMissile;"/>
						</Table>
					</Items>
				</Device>
			</Table>

			<Device item="&itClass1Deflector;"/>
		</Devices>

		<Maneuver
			maxRotationRate=	"4.5"
			rotationAccel=		"0.5"
			/>

		<Image imageID="&rsEI100Image;" imageX="0" imageY="0" imageWidth="70" imageHeight="70"/>

		<Effects>
			<Effect type="thrustMain"		posAngle="180"	posRadius="29"	posZ="8"	rotation="180"/>
		</Effects>
		
		<AISettings
			aggressor=			"true"
			fireRateAdj=		"20"
			fireAccuracy=		"90"
			perception=			"4"
		/>

		<StaticData>
			<arenaSkillBase>
				0
			</arenaSkillBase>
		</StaticData>

	</ShipClass>

	<!-- EI500 Freighter G2 -->

	<ShipClass UNID="&scEI500G2;"
			manufacturer=		"Earth Industries"
			class=				"EI500"
			type=				"freighter"
			level=				"2"

			mass=				"150"
			cargoSpace=			"200"
			thrustRatio=		"1.5"
			maxSpeed=			"18"

			attributes=			"battleArena, melee2"
			>

		<Armor>
			<ArmorSection start="315" span="90" armorID="&itHeavyTitaniumPlate;"/>
			<ArmorSection start="225" span="90" armorID="&itHeavyTitaniumPlate;"/>
			<ArmorSection start="135" span="90" armorID="&itHeavyTitaniumPlate;"/>
			<ArmorSection start="45"  span="90" armorID="&itHeavyTitaniumPlate;"/>
		</Armor>

		<Devices>
			<Table>
				<Device chance="20" item="&itOmniLaserCannon;"/>
				<Device chance="40" item="&itTurbolaserCannon;" enhanced="100"/>
				<Device chance="40" item="&itLaserArray;" enhanced="100"/>
			</Table>

			<Device deviceID="&itClass2Deflector;"/>
		</Devices>

		<Maneuver
			maxRotationRate=	"4.5"
			rotationAccel=		"0.5"
			/>

		<Items>
			<Item count="1d6" item="&itHelium3FuelRod;"/>
		</Items>

		<Image imageID="&rsEI500FreighterHD;" imageX="0" imageY="0" imageWidth="64" imageHeight="64" rotationCount="120"/>

		<Effects>
			<Effect type="thrustMain"		posAngle="144"	posRadius="28"	posZ="0"	rotation="180"/>
			<Effect type="thrustMain"		posAngle="-144"	posRadius="28"	posZ="0"	rotation="180"/>
		</Effects>

		<AISettings
			aggressor=			"true"
			fireRateAdj=		"20"
			fireAccuracy=		"85"
			perception=			"4"
			/>

		<StaticData>
			<arenaSkillBase>
				0
			</arenaSkillBase>
		</StaticData>

	</ShipClass>

	<!-- Medium IAV G2 -->

	<ShipClass UNID="&scIAVMediumG2;"
			manufacturer=		""
			class=				"medium IAV"
			type=				""

			mass=				"50"
			cargoSpace=			"10"
			thrustRatio=		"6.5"
			maxSpeed=			"16"

			attributes=			"battleArena, melee2"
			>

		<Armor>
			<ArmorSection start="270" span="180" armorID="&itLightReactiveArmor;" />
			<ArmorSection start="90"  span="180" armorID="&itLightReactiveArmor;" />
		</Armor>

		<Devices>
			<Table>
				<Device chance="30" item="&itTridentCannon;" enhanced="15"/>
				<Device chance="45" item="&itDualLaserCannon;" enhanced="15"/>
				<Device chance="25" item="&itArbalestCannon;"/>
			</Table>
		</Devices>

		<Maneuver
			maxRotationRate=	"5.0"
			rotationAccel=		"0.5"
			/>

		<Image imageID="&rsIAVMedium;" imageWidth="64" imageHeight="64"/>

		<Effects>
			<Effect type="thrustMain"		posAngle="168"	posRadius="30"	posZ="0"	rotation="180"/>
			<Effect type="thrustMain"		posAngle="-168"	posRadius="30"	posZ="0"	rotation="180"/>
		</Effects>
		
		<AISettings
			aggressor=			"true"
			fireRateAdj=		"20"
			fireRangeAdj=		"50"
			fireAccuracy=		"85"
			perception=			"4"
			/>

		<StaticData>
			<arenaSkillBase>0</arenaSkillBase>
		</StaticData>

	</ShipClass>

	<!-- Heavy IAV G2 -->

	<ShipClass UNID="&scIAVHeavyG2;"
			manufacturer=		""
			class=				"heavy IAV"
			type=				""
			level=				"2"

			mass=				"100"
			cargoSpace=			"10"
			thrustRatio=		"5"
			maxSpeed=			"16"

			attributes=			"battleArena, melee2"
			>

		<Armor>
			<ArmorSection start="315" span="90" armorID="&itLightPlasteelPlate;"/>
			<ArmorSection start="225" span="90" armorID="&itLightPlasteelPlate;"/>
			<ArmorSection start="135" span="90" armorID="&itLightPlasteelPlate;"/>
			<ArmorSection start="45"  span="90" armorID="&itLightPlasteelPlate;"/>
		</Armor>

		<Devices>
			<Table>
				<Device chance="30" item="&itDualRecoillessCannon;"/>
				<Device chance="25" item="&itArbalestCannon;"/>
				<Device chance="45" item="&itPartisanCannon;"/>
			</Table>
		</Devices>

		<Maneuver
			maxRotationRate=	"5.0"
			rotationAccel=		"0.5"
			/>

		<Image imageID="&rsIAVHeavy;" imageWidth="72" imageHeight="72"/>

		<Effects>
			<Effect type="thrustMain"		posAngle="151"	posRadius="31"	posZ="0"	rotation="180"/>
			<Effect type="thrustMain"		posAngle="-151"	posRadius="31"	posZ="0"	rotation="180"/>
		</Effects>
		
		<AISettings
			aggressor=			"true"
			fireRateAdj=		"20"
			fireRangeAdj=		"65"
			fireAccuracy=		"85"
			perception=			"4"
			/>

		<StaticData>
			<arenaSkillBase>0</arenaSkillBase>
		</StaticData>

	</ShipClass>

	<!-- Ronin A-class Gunship -->

	<ShipClass UNID="&scRoninG2;"
			manufacturer=		"Pacific Defense Corporation"
			class=				"Ronin/A"
			type=				"gunship"
			level=				"2"

			mass=				"60"
			cargoSpace=			"50"
			thrustRatio=		"5.5"
			maxSpeed=			"20"

			attributes=			"battleArena, melee2"
			>

		<Armor>
			<ArmorSection start="315" span="90" armorID="&itCeramicPlate;"/>
			<ArmorSection start="225" span="90" armorID="&itCeramicPlate;"/>
			<ArmorSection start="135" span="90" armorID="&itCeramicPlate;"/>
			<ArmorSection start="45"  span="90" armorID="&itCeramicPlate;"/>
		</Armor>

		<Devices>
			<Table>
				<Device chance="15" item="&itArbalestCannon;" enhanced="15"/>
				<Device chance="10" item="&itLaserArray;" enhanced="10"/>
				<Device chance="25" item="&itBlaster;" enhanced="100"/>
				<Device chance="15" item="&itPartisanCannon;" enhanced="15"/>
				<Device chance="10" item="&itOmniLaserCannon;" enhanced="10"/>
				<Device chance="25" item="&itTurbolaserCannon;" enhanced="10"/>
			</Table>
		</Devices>

		<Maneuver
			maxRotationRate=	"9.0"
			rotationAccel=		"1.0"
			/>

		<Image imageID="&rsMediumShips1;" imageX="96" imageY="0" imageWidth="48" imageHeight="48"/>

		<Effects>
			<Effect type="thrustMain"		posAngle="148"	posRadius="20"	posZ="0"	rotation="180"/>
			<Effect type="thrustMain"		posAngle="-148"	posRadius="20"	posZ="0"	rotation="180"/>
		</Effects>
		
		<AISettings
			aggressor=			"true"
			fireRateAdj=		"20"
			fireRangeAdj=		"50"
			fireAccuracy=		"90"
			perception=			"4"
			/>

		<StaticData>
			<arenaSkillBase>0</arenaSkillBase>
		</StaticData>

	</ShipClass>

	<!-- Sapphire Yacht G2 -->

	<ShipClass UNID="&scSapphireG2;"
			manufacturer=		"Zubrin Systems"
			class=				"Sapphire"
			type=				"yacht"
			level=				"2"

			mass=				"30"
			cargoSpace=			"50"
			thrustRatio=		"6.6"
			maxSpeed=			"20"

			attributes=			"battleArena, melee2"
			>

		<Armor>
			<ArmorSection start="315" span="90" armorID="&itReactiveArmor;" areaSet="0,2" />
			<ArmorSection start="225" span="90" armorID="&itReactiveArmor;" areaSet="3,4" />
			<ArmorSection start="135" span="90" armorID="&itReactiveArmor;" areaSet="1,6" />
			<ArmorSection start="45"  span="90" armorID="&itReactiveArmor;" areaSet="7,13" />
		</Armor>

		<Devices>
			<Table>
				<Device chance="20" item="&itArbalestCannon;"/>
				<Device chance="25" item="&itTurbolaserCannon;"/>
				<Device chance="20" item="&itPartisanCannon;"/>
				<Device chance="25" item="&itDualRecoillessCannon;"/>
				<Group chance="10">
					<Device item="&itBlinderCannon;"/>
					<Device item="&itHeavyRecoillessCannon;"/>
				</Group>
			</Table>

			<Table>
				<Device chance="60" item="&itClass1Deflector;"/>
				<Device chance="30" item="&itLaserDeflector;"/>
				<Device chance="10" item="&itCyclotronDeflectorI;"/>
			</Table>			
		</Devices>

		<Maneuver
			maxRotationRate=	"9.0"
			rotationAccel=		"2.0"
			/>

		<Items>
			<Item count="4d6" item="&itHelium3FuelRod;"/>
		</Items>

		<AISettings
			aggressor=			"true"
			fireRateAdj=		"20"
			fireAccuracy=		"90"
			perception=			"4"
			/>

		<Image imageID="&rsSapphireYachtHD;" imageX="0" imageY="0" imageWidth="48" imageHeight="48"	rotationCount="120"/>

		<Effects>
			<Effect type="thrustMain"		posAngle="160"	posRadius="7"	posZ="0"	rotation="180"	bringToFront="*"/>
			<Effect type="thrustMain"		posAngle="-160"	posRadius="7"	posZ="0"	rotation="180"	bringToFront="*"/>
			<Effect type="rotateRight"		posAngle="12"	posRadius="20"	posZ="0"	rotation="90"/>
			<Effect type="rotateRight"		posAngle="-130"	posRadius="18"	posZ="0"	rotation="270"/>
			<Effect type="rotateLeft"		posAngle="-12"	posRadius="20"	posZ="0"	rotation="270"/>
			<Effect type="rotateLeft"		posAngle="130"	posRadius="18"	posZ="0"	rotation="90"/>
		</Effects>
	
		<StaticData>
			<arenaSkillBase>0</arenaSkillBase>
		</StaticData>

	</ShipClass>

<!-- Gladiator (Level 3) ================================================== -->

	<!-- EI200 Freighter -->

	<ShipClass UNID="&scEI200G3;"
			manufacturer=		"Earth Industries"
			class=				"EI200"
			type=				"freighter"

			size=				"54"
			mass=				"500"
			cargoSpace=			"500"
			thrustRatio=		"1.8"
			maxSpeed=			"16"

			attributes=			"battleArena, gladiator"
			>

		<Armor>
			<ArmorSection start="330" span="60" armorID="&itHeavyReactiveArmor;" />
			<ArmorSection start="270" span="60" armorID="&itHeavyReactiveArmor;" />
			<ArmorSection start="210" span="60" armorID="&itHeavyReactiveArmor;" />
			<ArmorSection start="150" span="60" armorID="&itHeavyReactiveArmor;" />
			<ArmorSection start="90"  span="60" armorID="&itHeavyReactiveArmor;" />
			<ArmorSection start="30"  span="60" armorID="&itHeavyReactiveArmor;" />
		</Armor>

		<Devices>
			<Table>
				<Device chance="25" item="&itArbalestCannon;" omnidirectional="true"/>
				<Device chance="25" item="&itTurbolaserCannon;" omnidirectional="true"/>
				<Device chance="25" item="&itPartisanCannon;" omnidirectional="true"/>
				<Device chance="25" item="&itLaserArray;" omnidirectional="true"/>
			</Table>

			<Device item="&itMonopoleDeflector;"/>
		</Devices>

		<Maneuver
			maxRotationRate=	"4.5"
			rotationAccel=		"0.5"
			/>

		<Image imageID="&rsEI200Image;" imageWidth="90" imageHeight="90"/>

		<Effects>
			<Effect type="thrustMain"		posAngle="158"	posRadius="42"	posZ="0"	rotation="180"/>
			<Effect type="thrustMain"		posAngle="-158"	posRadius="42"	posZ="0"	rotation="180"/>
		</Effects>

		<Names noArticle="true" personalName="true">
			Anton Malik; Ed Somme; Irina Bolstov; Mila Czech; Rene Arms;
			Walsh Gordon; Katrina Feodor; Viktor Kovalenko
		</Names>

		<AISettings
			aggressor=			"true"
			fireRateAdj=		"15"
			fireAccuracy=		"90"
			perception=			"4"
		/>

		<StaticData>
			<arenaSkillBase>300</arenaSkillBase>
		</StaticData>

	</ShipClass>

	<!-- Heavy IAV G3 -->

	<ShipClass UNID="&scIAVHeavyG3;"
			manufacturer=		""
			class=				"heavy IAV"
			type=				""
			level=				"3"

			mass=				"100"
			cargoSpace=			"10"
			thrustRatio=		"5"
			maxSpeed=			"16"

			attributes=			"battleArena, gladiator"
			>

		<Armor>
			<ArmorSection start="315" span="90" armorID="&itLightBlastPlate;"/>
			<ArmorSection start="225" span="90" armorID="&itLightBlastPlate;"/>
			<ArmorSection start="135" span="90" armorID="&itLightBlastPlate;"/>
			<ArmorSection start="45"  span="90" armorID="&itLightBlastPlate;"/>
		</Armor>

		<Devices>
			<Table>
				<Device chance="30" item="&itPartisanCannon;" enhancement="0x1005"/>
				<Device chance="25" item="&itSlamCannon;"/>
				<Device chance="20" item="&itMorningStarCannon;"/>
				<Device chance="25" item="&itFlenserCannon;"/>
			</Table>

			<Device item="&itHullPlateIonizer;"/>
		</Devices>

		<Maneuver
			maxRotationRate=	"5.0"
			rotationAccel=		"0.5"
			/>

		<Image imageID="&rsIAVHeavy;" imageWidth="72" imageHeight="72"/>

		<Effects>
			<Effect type="thrustMain"		posAngle="151"	posRadius="31"	posZ="0"	rotation="180"/>
			<Effect type="thrustMain"		posAngle="-151"	posRadius="31"	posZ="0"	rotation="180"/>
		</Effects>
		
		<Names noArticle="true" personalName="true">
			Iron Axe; Death Dealer; Gene Reaper; Jabberwock; Mortal Wound;
			The Ox; The Undertaker; The Vampyre; The Wyvern; ZeroZero
		</Names>

		<AISettings
			aggressor=			"true"
			fireRateAdj=		"15"
			fireAccuracy=		"90"
			perception=			"4"
			/>

		<StaticData>
			<arenaSkillBase>250</arenaSkillBase>
		</StaticData>

	</ShipClass>

	<!-- Ronin B-class Gunship -->

	<ShipClass UNID="&scRoninG3;"
			manufacturer=		"Pacific Defense Corporation"
			class=				"Ronin/B"
			type=				"gunship"

			mass=				"60"
			cargoSpace=			"50"
			thrustRatio=		"5.5"
			maxSpeed=			"20"

			attributes=			"battleArena, gladiator"
			>

		<Armor>
			<ArmorSection start="315" span="90" armorID="&itHeavyCeramicPlate;"/>
			<ArmorSection start="225" span="90" armorID="&itHeavyCeramicPlate;"/>
			<ArmorSection start="135" span="90" armorID="&itHeavyCeramicPlate;"/>
			<ArmorSection start="45"  span="90" armorID="&itHeavyCeramicPlate;"/>
		</Armor>

		<Devices>
			<Table>
				<Device chance="15" item="&itArbalestCannon;"/>
				<Device chance="10" item="&itLaserArray;"/>
				<Device chance="25" item="&itBlaster;" enhanced="50"/>
				<Device chance="15" item="&itPartisanCannon;"/>
				<Device chance="10" item="&itOmniLaserCannon;"/>
				<Device chance="25" item="&itTurbolaserCannon;"/>
			</Table>

			<Device item="&itNAMIMissileLauncher;">
				<Items>
					<Item count="4d6" item="&itKM100Missile;"/>
				</Items>
			</Device>

			<Device item="&itMonopoleDeflector;"/>
		</Devices>

		<Maneuver
			maxRotationRate=	"9.0"
			rotationAccel=		"1.0"
			/>

		<Image imageID="&rsMediumShips1;" imageX="96" imageY="0" imageWidth="48" imageHeight="48"/>

		<Effects>
			<Effect type="thrustMain"		posAngle="148"	posRadius="20"	posZ="0"	rotation="180"/>
			<Effect type="thrustMain"		posAngle="-148"	posRadius="20"	posZ="0"	rotation="180"/>
		</Effects>
		
		<Names noArticle="true" personalName="true">
			Brother Brandan; Flavius Maul; Hannibal; Marc Renser; Lawrence Dorr; 
			Anon Thraces; Perigrine; Vespatian; Gladius Quintus
		</Names>

		<AISettings
			aggressor=			"true"
			fireRateAdj=		"15"
			fireAccuracy=		"90"
			perception=			"4"
			/>

		<StaticData>
			<arenaSkillBase>200</arenaSkillBase>
		</StaticData>

	</ShipClass>

	<!-- Sapphire Yacht G3 -->

	<ShipClass UNID="&scSapphireG3;"
			manufacturer=		"Zubrin Systems"
			class=				"Sapphire"
			type=				"yacht"
			level=				"3"

			mass=				"30"
			cargoSpace=			"50"
			thrustRatio=		"6.6"
			maxSpeed=			"20"

			attributes=			"battleArena, gladiator"
			>

		<Armor>
			<ArmorSection start="315" span="90" armorID="&itReactiveArmor;" areaSet="0,2" />
			<ArmorSection start="225" span="90" armorID="&itReactiveArmor;" areaSet="3,4" />
			<ArmorSection start="135" span="90" armorID="&itReactiveArmor;" areaSet="1,6" />
			<ArmorSection start="45"  span="90" armorID="&itReactiveArmor;" areaSet="7,13" />
		</Armor>

		<Devices>
			<Table>
				<Group chance="50">
					<Table>
						<Device chance="15" item="&itArbalestCannon;"/>
						<Device chance="15" item="&itTurbolaserCannon;"/>
						<Device chance="15" item="&itPartisanCannon;"/>
						<Device chance="12" item="&itDualRecoillessCannon;"/>
						<Device chance="15" item="&itLaserArray;"/>
						<Device chance="15" item="&itMoskvaLightTurret;"/>
						<Device chance="13" item="&itOmniLaserCannon;"/>
					</Table>

					<Table>
						<Device chance="50" item="&itMonopoleDeflector;"/>
						<Device chance="50" item="&itCyclotronDeflectorIII;"/>
					</Table>
				</Group>

				<Group chance="50">
					<Table>
						<Device chance="10" item="&itParticleBeamWeapon;"/>
						<Device chance="10" item="&itSlamCannon;"/>
						<Device chance="10" item="&itDualTurbolaserCannon;"/>
						<Device chance="10" item="&itOmniTurbolaserCannon;"/>
						<Device chance="10" item="&itMorningStarCannon;"/>
						<Device chance="10" item="&itBallistaCannon;"/>
						<Device chance="10" item="&itFlenserCannon;"/>
						<Device chance="10" item="&itMoskvaDualCannon;"/>
						<Device chance="10" item="&itOmniPartisanCannon;"/>
						<Group  chance="10">
							<Device item="&itMAGLauncher;">
								<Items>
									<Item count="100" item="&it400HexageneMAG;"/>
								</Items>
							</Device>
							<Device item="&itTurbolaserCannon;"/>
						</Group>
					</Table>

					<Table>
						<Device chance="50" item="&itHullPlateIonizer;" enhanced="true"/>
						<Device chance="50" item="&itClass2Deflector;" enhanced="true"/>
					</Table>
				</Group>
			</Table>
		</Devices>

		<Maneuver
			maxRotationRate=	"9.0"
			rotationAccel=		"2.0"
			/>

		<Items>
			<Item count="4d6" item="&itHelium3FuelRod;"/>
		</Items>

		<Names noArticle="true" personalName="true">
			Aelix; Erasmus Barynger; Iridian Oz; Merseine; Ren Sawyer;
			Roma Victor; Nolan Reyes; Jan Lodestar; Benn Taryn
		</Names>

		<AISettings
			aggressor=			"true"
			fireRateAdj=		"15"
			fireAccuracy=		"90"
			perception=			"4"
			/>

		<Image imageID="&rsSapphireYachtHD;" imageX="0" imageY="0" imageWidth="48" imageHeight="48"	rotationCount="120"/>

		<Effects>
			<Effect type="thrustMain"		posAngle="160"	posRadius="7"	posZ="0"	rotation="180"	bringToFront="*"/>
			<Effect type="thrustMain"		posAngle="-160"	posRadius="7"	posZ="0"	rotation="180"	bringToFront="*"/>
			<Effect type="rotateRight"		posAngle="12"	posRadius="20"	posZ="0"	rotation="90"/>
			<Effect type="rotateRight"		posAngle="-130"	posRadius="18"	posZ="0"	rotation="270"/>
			<Effect type="rotateLeft"		posAngle="-12"	posRadius="20"	posZ="0"	rotation="270"/>
			<Effect type="rotateLeft"		posAngle="130"	posRadius="18"	posZ="0"	rotation="90"/>
		</Effects>
	
		<StaticData>
			<arenaSkillBase>350</arenaSkillBase>
		</StaticData>

	</ShipClass>

	<!-- T31 Armed Transport -->

	<ShipClass UNID="&scT31G3;"
			manufacturer=		"United African States"
			class=				"T31"
			type=				"armed transport"

			size=				"60"
			mass=				"1000"
			cargoSpace=			"50"
			thrustRatio=		"1.0"
			maxSpeed=			"16"

			attributes=			"battleArena, gladiator"
			>

		<Armor>
			<ArmorSection start="315" span="90" armorID="&itLightPlasteelPlate;" areaSet="0,2" />
			<ArmorSection start="225" span="90" armorID="&itLightPlasteelPlate;" areaSet="3,4" />
			<ArmorSection start="135" span="90" armorID="&itLightPlasteelPlate;" areaSet="1,6" />
			<ArmorSection start="45"  span="90" armorID="&itLightPlasteelPlate;" areaSet="7,13" />
		</Armor>

		<Devices>
			<Table>
				<Group chance="50">
					<Device item="&itSmartCannon;">
						<Items>
							<Item count="12d20" item="&itSmartCannonShell;"/>
						</Items>
					</Device>
					<Device item="&itOmniLaserCannon;" secondaryWeapon="true"/>
				</Group>

				<Device chance="30" item="&itOmniTurbolaserCannon;"/>

				<Group chance="20">
					<Device item="&itPartisanCannon;" enhanced="true"/>
					<Device item="&itOmniLaserCannon;" secondaryWeapon="true"/>
				</Group>
			</Table>

			<Device item="&itCyclotronDeflectorIII;"/>
		</Devices>

		<Maneuver
			maxRotationRate=	"9.0"
			rotationAccel=		"1.0"
			/>

		<Items>
			<Item count="2d6" item="&itHelium3FuelRod;"/>
		</Items>

		<Image imageID="&rsT31ArmedTransport;" imageX="0" imageY="0" imageWidth="90" imageHeight="90"/>

		<Effects>
			<Effect type="thrustMain"		posAngle="164"	posRadius="41"	posZ="0"	rotation="180"/>
			<Effect type="thrustMain"		posAngle="-164"	posRadius="41"	posZ="0"	rotation="180"/>
			<Effect type="rotateRight"		posAngle="27"	posRadius="33"	posZ="0"	rotation="90"/>
			<Effect type="rotateRight"		posAngle="-140"	posRadius="26"	posZ="0"	rotation="270"/>
			<Effect type="rotateLeft"		posAngle="-27"	posRadius="33"	posZ="0"	rotation="270"/>
			<Effect type="rotateLeft"		posAngle="140"	posRadius="26"	posZ="0"	rotation="90"/>
		</Effects>
		
		<Names noArticle="true" personalName="true">
			Borin Thal; Farah Dawson; Jorgen Nash; Nimmoh Kenyatta; Soren Marx;
			Crom Cassey; Hathor Said
		</Names>

		<AISettings
			aggressor=			"true"
			fireRateAdj=		"15"
			fireAccuracy=		"90"
			perception=			"4"
			/>

		<StaticData>
			<arenaSkillBase>400</arenaSkillBase>
		</StaticData>

	</ShipClass>

<!-- Gladiator (Level 4) ================================================== -->

	<!-- EI500 Freighter G4 -->

	<ShipClass UNID="&scEI500G4;"
			manufacturer=		"Earth Industries"
			class=				"EI500"
			type=				"freighter"

			mass=				"150"
			cargoSpace=			"200"
			thrustRatio=		"1.5"
			maxSpeed=			"18"

			attributes=			"battleArena, gladiator"
			>

		<Armor>
			<ArmorSection start="315" span="90" armorID="&itPlasteelPlate;"/>
			<ArmorSection start="225" span="90" armorID="&itPlasteelPlate;"/>
			<ArmorSection start="135" span="90" armorID="&itPlasteelPlate;"/>
			<ArmorSection start="45"  span="90" armorID="&itPlasteelPlate;"/>
		</Armor>

		<Devices>
			<Table>
				<Device chance="25" item="&itMoskvaLightTurret;"/>
				<Device chance="25" item="&itTurbolaserCannon;"/>
				<Device chance="25" item="&itArbalestCannon;"/>
				<Device chance="25" item="&itSmartCannon;">
					<Items>
						<Item count="500" item="&itSmartCannonShell;"/>
					</Items>
				</Device>
			</Table>

			<Table>
				<Device chance="60" item="&itOmniLaserCannon;"/>
				<Device chance="40" item="&itMAGLauncher;">
					<Items>
						<Item count="100" item="&it600HexageneMAG;"/>
					</Items>
				</Device>
			</Table>

			<Device deviceID="&itClass3Deflector;"/>
		</Devices>

		<Maneuver
			maxRotationRate=	"4.5"
			rotationAccel=		"0.5"
			/>

		<Items>
			<Item count="1d6" item="&itHelium3FuelRod;"/>
		</Items>

		<Image imageID="&rsEI500FreighterHD;" imageX="0" imageY="0" imageWidth="64" imageHeight="64" rotationCount="120"/>

		<Effects>
			<Effect type="thrustMain"		posAngle="144"	posRadius="28"	posZ="0"	rotation="180"/>
			<Effect type="thrustMain"		posAngle="-144"	posRadius="28"	posZ="0"	rotation="180"/>
		</Effects>

		<Names noArticle="true" personalName="true">
			Cara Ogden; Gail Neethan; Kate Janovich; Owen Saul; Tensor Aren;
			Ivan Ilyanich; Nadia Konstantine
		</Names>

		<AISettings
			aggressor=			"true"
			fireRateAdj=		"12"
			fireAccuracy=		"95"
			perception=			"4"
			/>

		<StaticData>
			<arenaSkillBase>500</arenaSkillBase>
		</StaticData>

	</ShipClass>

	<!-- Manticore-class Heavy Gunship -->

	<ShipClass UNID="&scManticoreG4;"
			manufacturer=		"Makayev-Energia"
			class=				"Manticore"
			type=				"heavy gunship"

			size=				"33"
			mass=				"120"
			cargoSpace=			"50"
			thrustRatio=		"2.0"
			maxSpeed=			"18"

			attributes=			"battleArena, gladiator"
			>

		<Armor>
			<ArmorSection start="315" span="90" armorID="&itAdvancedReactiveArmor;"/>
			<ArmorSection start="225" span="90" armorID="&itAdvancedReactiveArmor;"/>
			<ArmorSection start="135" span="90" armorID="&itAdvancedReactiveArmor;"/>
			<ArmorSection start="45"  span="90" armorID="&itAdvancedReactiveArmor;"/>
		</Armor>

		<Devices>
			<Table>
				<Group chance="25">
					<Device item="&itBallistaCannon;"	posAngle="40"	posRadius="37"	posZ="0"/>
					<Device item="&itClass2Deflector;"/>
				</Group>

				<Group chance="25">
					<Device item="&itArbalestCannon;" enhanced="100"	posAngle="40"	posRadius="37"	posZ="0"/>
					<Device item="&itMonopoleDeflector;"/>
				</Group>

				<Group chance="25">
					<Device item="&itParticleBeamWeapon;"	posAngle="40"	posRadius="37"	posZ="0"/>
					<Device item="&itHullPlateIonizer;"/>
				</Group>

				<Group chance="25">
					<Device item="&itSlamCannon;"	posAngle="40"	posRadius="37"	posZ="0"/>
					<Device item="&itClass2Deflector;"/>
				</Group>
			</Table>

			<Device item="&itMAGLauncher;"	posAngle="-40"	posRadius="37"	posZ="0">
				<Items>
					<Item			  count="15-25" item="&it600HexageneMAG;"/>
					<Item chance="50" count="5-10" item="&it800HexageneMAG;"/>
				</Items>
			</Device>
		</Devices>

		<Maneuver
			maxRotationRate=	"9.0"
			rotationAccel=		"1.0"
			/>

		<Items>
			<Item count="2d6" item="&itHeliumAssembly;"/>
		</Items>

		<Image imageID="&rsManticore120;" imageWidth="80" imageHeight="80" rotationCount="120" rotationColumns="12" viewportRatio="0.00625"/>
		<HeroImage imageID="&rsManticoreHero;" imageWidth="320" imageHeight="320"/>

		<Effects>
			<Effect type="thrustMain"		posAngle="157"	posRadius="29"	posZ="0"	rotation="180"/>
			<Effect type="thrustMain"		posAngle="-157"	posRadius="29"	posZ="0"	rotation="180"/>
		</Effects>

		<Names noArticle="true" personalName="true">
			Domo; The Journeyman; Roc; Xantic Mage; Typhoon Tom;
			The Reaver; The Beast; Andromalius
		</Names>

		<AISettings
			aggressor=			"true"
			fireRateAdj=		"15"
			fireAccuracy=		"95"
			perception=			"4"
			/>

		<StaticData>
			<arenaSkillBase>650</arenaSkillBase>
		</StaticData>

	</ShipClass>

	<!-- Ronin C-class Gunship -->

	<ShipClass UNID="&scRoninG4;"
			manufacturer=		"Pacific Defense Corporation"
			class=				"Ronin/C"
			type=				"gunship"

			mass=				"60"
			cargoSpace=			"50"
			thrustRatio=		"5.5"
			maxSpeed=			"20"

			attributes=			"battleArena, gladiator"
			>

		<Armor>
			<ArmorSection start="315" span="90" armorID="&itHeavyCeramicPlate;"/>
			<ArmorSection start="225" span="90" armorID="&itHeavyCeramicPlate;"/>
			<ArmorSection start="135" span="90" armorID="&itHeavyCeramicPlate;"/>
			<ArmorSection start="45"  span="90" armorID="&itHeavyCeramicPlate;"/>
		</Armor>

		<Devices>
			<Table>
				<Device chance="35" item="&itSlamCannon;"/>
				<Device chance="30" item="&itParticleBeamWeapon;"/>
				<Device chance="10" item="&itFlenserCannon;"/>
				<Device chance="15" item="&itOmniTurbolaserCannon;"/>
				<Device chance="10" item="&itMorningStarCannon;"/>
			</Table>

			<Device item="&itNAMIMissileLauncher;">
				<Items>
					<Table>
						<Item chance="10" count="4d6" item="&itKM100Missile;"/>
						<Item chance="60" count="4d6" item="&itFragmentationMissile;"/>
						<Item chance="30" count="2d6" item="&itKM500Missile;"/>
					</Table>
				</Items>
			</Device>

			<Device item="&itMonopoleDeflector;"/>
		</Devices>

		<Maneuver
			maxRotationRate=	"9.0"
			rotationAccel=		"1.0"
			/>

		<Image imageID="&rsMediumShips1;" imageX="96" imageY="0" imageWidth="48" imageHeight="48"/>

		<Effects>
			<Effect type="thrustMain"		posAngle="148"	posRadius="20"	posZ="0"	rotation="180"/>
			<Effect type="thrustMain"		posAngle="-148"	posRadius="20"	posZ="0"	rotation="180"/>
		</Effects>
		
		<Names noArticle="true" personalName="true">
			Tycus Armiger; Roland Chu; Eli Stetson; Bill Gibson; Irene Senderos; 
			Ramon Armiger; Moss Eigen; Septimus Thrace; Titus Antonius
		</Names>

		<AISettings
			aggressor=			"true"
			fireRateAdj=		"12"
			fireAccuracy=		"95"
			perception=			"4"
			/>

		<StaticData>
			<arenaSkillBase>450</arenaSkillBase>
		</StaticData>

	</ShipClass>

	<!-- Sapphire Yacht G4 -->

	<ShipClass UNID="&scSapphireG4;"
			manufacturer=		"Zubrin Systems"
			class=				"Sapphire"
			type=				"yacht"

			mass=				"30"
			cargoSpace=			"50"
			thrustRatio=		"6.6"
			maxSpeed=			"20"

			attributes=			"battleArena, gladiator"
			>

		<Armor>
			<ArmorSection start="315" span="90" armorID="&itReactiveArmor;" />
			<ArmorSection start="225" span="90" armorID="&itReactiveArmor;" />
			<ArmorSection start="135" span="90" armorID="&itReactiveArmor;" />
			<ArmorSection start="45"  span="90" armorID="&itReactiveArmor;" />
		</Armor>

		<Devices>
			<Table>
				<Device chance="10" item="&itParticleBeamWeapon;"/>
				<Device chance="10" item="&itSlamCannon;"/>
				<Device chance="10" item="&itDualTurbolaserCannon;"/>
				<Device chance="10" item="&itOmniTurbolaserCannon;"/>
				<Device chance="10" item="&itMorningStarCannon;"/>
				<Device chance="10" item="&itBallistaCannon;"/>
				<Device chance="10" item="&itFlenserCannon;"/>
				<Device chance="10" item="&itMoskvaDualCannon;"/>
				<Device chance="10" item="&itOmniPartisanCannon;"/>
				<Group  chance="10">
					<Device item="&itMAGLauncher;">
						<Items>
							<Item count="100" item="&it400HexageneMAG;"/>
						</Items>
					</Device>
					<Device item="&itTurbolaserCannon;"/>
				</Group>
			</Table>

			<Table>
				<Device chance="40" item="&itClass3Deflector;"/>
				<Device chance="30" item="&itCeratopsQuasiArmor1;"/>
				<Device chance="30" item="&itCyclotronDeflectorIV;"/>
			</Table>
		</Devices>

		<Maneuver
			maxRotationRate=	"9.0"
			rotationAccel=		"2.0"
			/>

		<Items>
			<Item count="4d6" item="&itHelium3FuelRod;"/>
		</Items>

		<Names noArticle="true" personalName="true">
			Betelgeuse; Dane Farimus; Janus; Noctolux; Saturnia;
			Xan; Oort; Hades Jack; Xo Nguyen
		</Names>

		<AISettings
			aggressor=			"true"
			fireRateAdj=		"12"
			fireAccuracy=		"95"
			perception=			"4"
			/>

		<Image imageID="&rsSapphireYachtHD;" imageX="0" imageY="0" imageWidth="48" imageHeight="48"	rotationCount="120"/>

		<Effects>
			<Effect type="thrustMain"		posAngle="160"	posRadius="7"	posZ="0"	rotation="180"	bringToFront="*"/>
			<Effect type="thrustMain"		posAngle="-160"	posRadius="7"	posZ="0"	rotation="180"	bringToFront="*"/>
			<Effect type="rotateRight"		posAngle="12"	posRadius="20"	posZ="0"	rotation="90"/>
			<Effect type="rotateRight"		posAngle="-130"	posRadius="18"	posZ="0"	rotation="270"/>
			<Effect type="rotateLeft"		posAngle="-12"	posRadius="20"	posZ="0"	rotation="270"/>
			<Effect type="rotateLeft"		posAngle="130"	posRadius="18"	posZ="0"	rotation="90"/>
		</Effects>
	
		<StaticData>
			<arenaSkillBase>550</arenaSkillBase>
		</StaticData>

	</ShipClass>

	<!-- Wolfen-class Gunship -->

	<ShipClass UNID="&scWolfenG4;"
			manufacturer=		"Pacific Defense Corporation"
			class=				"Wolfen"
			type=				"gunship"
			level=				"4"

			mass=				"20"
			cargoSpace=			"35"
			thrustRatio=		"13"
			maxSpeed=			"25"

			attributes=			"battleArena, gladiator"
			>

		<Armor>
			<ArmorSection start="315" span="90" armorID="&itHeavyCeramicPlate;"/>
			<ArmorSection start="225" span="90" armorID="&itHeavyCeramicPlate;"/>
			<ArmorSection start="135" span="90" armorID="&itHeavyCeramicPlate;"/>
			<ArmorSection start="45"  span="90" armorID="&itHeavyCeramicPlate;"/>
		</Armor>

		<Devices>
			<Table>
				<Device chance="35" deviceID="&itDualRecoillessCannon;"/>
				<Device chance="35" deviceID="&itLaserArray;"/>
				<Device chance="15" deviceID="&itTurbolaserCannon;"/>
				<Device chance="15" deviceID="&itPartisanCannon;"/>
			</Table>

			<Device deviceID="&itClass1Deflector;"/>
		</Devices>

		<Maneuver
			maxRotationRate=	"12.0"
			rotationAccel=		"2.0"
			/>

		<Items>
			<Item count="1d6" item="&itHelium3FuelRod;"/>
		</Items>

		<Names noArticle="true" personalName="true">
			Alpha Wolf; The Gorgon; Moonglum; Uriel Sarre; Katrina Cross;
			The Lycanthrope; Amon Thalen
		</Names>

		<AISettings
			aggressor=			"true"
			fireRateAdj=		"15"
			fireAccuracy=		"95"
			perception=			"4"
			/>

		<Image imageID="&rsWolfenGunshipHD;" imageX="0" imageY="0" imageWidth="48" imageHeight="48" rotationCount="120"/>

		<Effects>
			<Effect type="thrustMain"		posAngle="158"	posRadius="20"	posZ="0"	rotation="180"/>
			<Effect type="thrustMain"		posAngle="-180"	posRadius="18"	posZ="-5"	rotation="180"/>
			<Effect type="thrustMain"		posAngle="-158"	posRadius="20"	posZ="0"	rotation="180"/>
			<Effect type="rotateRight"		posAngle="45"	posRadius="20"	posZ="0"	rotation="135"/>
			<Effect type="rotateRight"		posAngle="-110"	posRadius="16"	posZ="0"	rotation="315"/>
			<Effect type="rotateLeft"		posAngle="-45"	posRadius="20"	posZ="0"	rotation="225"/>
			<Effect type="rotateLeft"		posAngle="110"	posRadius="16"	posZ="0"	rotation="45"/>
		</Effects>

		<StaticData>
			<arenaSkillBase>600</arenaSkillBase>
		</StaticData>

	</ShipClass>

<!-- Gladiator (Level 5) ================================================== -->

	<!-- Centurion-class Heavy Gunship -->

	<ShipClass UNID="&scCenturionG5;"
			manufacturer=		"Pacific Defense Corporation"
			class=				"Centurion"
			type=				"heavy gunship"
			level=				"5"

			mass=				"90"
			cargoSpace=			"50"
			thrustRatio=		"9.0"
			maxSpeed=			"20"

			attributes=			"battleArena, gladiator"
			>

		<Armor>
			<ArmorSection start="315" span="90" armorID="&itPolyceramicPlate;"/>
			<ArmorSection start="225" span="90" armorID="&itPolyceramicPlate;"/>
			<ArmorSection start="135" span="90" armorID="&itPolyceramicPlate;"/>
			<ArmorSection start="45"  span="90" armorID="&itPolyceramicPlate;"/>
		</Armor>

		<Devices>
			<Table>
				<Device chance="25" item="&itParticleBeamWeapon;"/>
				<Device chance="25" item="&itSlamCannon;"/>
				<Device chance="25" item="&itDualTurbolaserCannon;" enhancement="0x1005"/>
				<Device chance="25" item="&itMoskvaDualCannon;"/>
			</Table>

			<Table>
				<Device chance="25" item="&itIonCannon;"/>
				<Device chance="75" item="&itNAMIMissileLauncher;">
					<Items>
						<Item count="100"	item="&itKM500Missile;"/>
					</Items>
				</Device>
			</Table>

			<Device item="&itCyclotronDeflectorIII;"/>
		</Devices>

		<Maneuver
			maxRotationRate=	"9.0"
			rotationAccel=		"3.0"
			/>

		<Items>
			<Item count="2d6" item="&itHeliumAssembly;"/>
		</Items>

		<Image imageID="&rsMediumShips2;" imageX="320" imageY="0" imageWidth="64" imageHeight="64"/>

		<Effects>
			<Effect type="thrustMain"		posAngle="141"	posRadius="27"	posZ="0"	rotation="180"/>
			<Effect type="thrustMain"		posAngle="-141"	posRadius="27"	posZ="0"	rotation="180"/>
			<Effect type="rotateRight"		posAngle="82"	posRadius="23"	posZ="0"	rotation="0"/>
			<Effect type="rotateRight"		posAngle="-98"	posRadius="23"	posZ="0"	rotation="180"/>
			<Effect type="rotateLeft"		posAngle="-82"	posRadius="23"	posZ="0"	rotation="0"/>
			<Effect type="rotateLeft"		posAngle="98"	posRadius="23"	posZ="0"	rotation="180"/>
		</Effects>

		<Names noArticle="true" personalName="true">
			Canis; Goth Antimus; Kolith Maximus; Ord Chamberlain; Tanhauser;
			Kirin Tal; The Legionnaire; Agiel; Somerset Cole
		</Names>

		<AISettings
			aggressor=			"true"
			fireRateAdj=		"12"
			fireAccuracy=		"95"
			perception=			"4"
			/>

		<StaticData>
			<arenaSkillBase>900</arenaSkillBase>
		</StaticData>

	</ShipClass>

	<!-- EI500 Freighter G5 -->

	<ShipClass UNID="&scEI500G5;"
			manufacturer=		"Earth Industries"
			class=				"EI500"
			type=				"freighter"

			mass=				"150"
			cargoSpace=			"200"
			thrustRatio=		"1.5"
			maxSpeed=			"18"

			attributes=			"battleArena, gladiator"
			>

		<Armor>
			<ArmorSection start="315" span="90" armorID="&itHeavyPlasteelPlate;"/>
			<ArmorSection start="225" span="90" armorID="&itHeavyPlasteelPlate;"/>
			<ArmorSection start="135" span="90" armorID="&itHeavyPlasteelPlate;"/>
			<ArmorSection start="45"  span="90" armorID="&itHeavyPlasteelPlate;"/>
		</Armor>

		<Devices>
			<Table>
				<Device chance="25" item="&itMorningStarCannon;"/>
				<Device chance="25" item="&itFlenserCannon;"/>
				<Device chance="25" item="&itParticleBeamWeapon;"/>
				<Device chance="25" item="&itMoskvaDualCannon;"/>
			</Table>

			<Table>
				<Device chance="30" item="&itOmniPartisanCannon;"/>
				<Device chance="30" item="&itOmniTurbolaserCannon;"/>
				<Device chance="40" item="&itMAGLauncher;">
					<Items>
						<Item count="100" item="&it800HexageneMAG;"/>
					</Items>
				</Device>
			</Table>

			<Device deviceID="&itR1Deflector;"/>
		</Devices>

		<Maneuver
			maxRotationRate=	"4.5"
			rotationAccel=		"0.5"
			/>

		<Items>
			<Item count="1d6" item="&itHelium3FuelRod;"/>
		</Items>

		<Image imageID="&rsEI500FreighterHD;" imageX="0" imageY="0" imageWidth="64" imageHeight="64" rotationCount="120"/>

		<Effects>
			<Effect type="thrustMain"		posAngle="144"	posRadius="28"	posZ="0"	rotation="180"/>
			<Effect type="thrustMain"		posAngle="-144"	posRadius="28"	posZ="0"	rotation="180"/>
		</Effects>

		<Names noArticle="true" personalName="true">
			Darren Kilton; Hilton Wells; Leonardo Morin; Mikhail Petrovich; Victor Grazen;
			Anwar Ali; Alexander Xorn
		</Names>

		<AISettings
			aggressor=			"true"
			fireRateAdj=		"12"
			fireAccuracy=		"95"
			perception=			"4"
			/>

		<StaticData>
			<arenaSkillBase>700</arenaSkillBase>
		</StaticData>

	</ShipClass>

	<!-- Manticore-class Heavy Gunship -->

	<ShipClass UNID="&scManticoreG5;"
			manufacturer=		"Makayev-Energia"
			class=				"Manticore"
			type=				"heavy gunship"

			size=				"33"
			mass=				"120"
			cargoSpace=			"50"
			thrustRatio=		"2.0"
			maxSpeed=			"18"

			attributes=			"battleArena, gladiator"
			>

		<Armor>
			<ArmorSection start="315" span="90" armorID="&itLightBlastPlate;"/>
			<ArmorSection start="225" span="90" armorID="&itLightBlastPlate;"/>
			<ArmorSection start="135" span="90" armorID="&itLightBlastPlate;"/>
			<ArmorSection start="45"  span="90" armorID="&itLightBlastPlate;"/>
		</Armor>

		<Devices>
			<Table>
				<Group chance="25">
					<Device item="&itBallistaCannon;"	posAngle="40"	posRadius="37"	posZ="0"/>
					<Device item="&itMonopoleDeflector;" enhancement="0x0105"/>
				</Group>

				<Group chance="25">
					<Device item="&itHeavySlamCannon;"	posAngle="40"	posRadius="37"	posZ="0"/>
					<Device item="&itMonopoleDeflector;"/>
				</Group>

				<Group chance="25">
					<Device item="&itParticleBeamWeapon;"	posAngle="40"	posRadius="37"	posZ="0"/>
					<Device item="&itCyclotronDeflectorIII;"/>
				</Group>

				<Group chance="25">
					<Device item="&itSlamCannon;"	posAngle="40"	posRadius="37"	posZ="0"/>
					<Device item="&itCyclotronDeflectorIII;"/>
				</Group>
			</Table>

			<Device item="&itMAGLauncher;"	posAngle="-40"	posRadius="37"	posZ="0">
				<Items>
					<Item count="15-25" item="&it800HexageneMAG;"/>
					<Item count="15-25" item="&it600HexageneMAG;"/>
				</Items>
			</Device>
		</Devices>

		<Maneuver
			maxRotationRate=	"9.0"
			rotationAccel=		"1.0"
			/>

		<Items>
			<Item count="2d6" item="&itHeliumAssembly;"/>
		</Items>

		<Image imageID="&rsManticore120;" imageWidth="80" imageHeight="80" rotationCount="120" rotationColumns="12" viewportRatio="0.00625"/>
		<HeroImage imageID="&rsManticoreHero;" imageWidth="320" imageHeight="320"/>

		<Effects>
			<Effect type="thrustMain"		posAngle="157"	posRadius="29"	posZ="0"	rotation="180"/>
			<Effect type="thrustMain"		posAngle="-157"	posRadius="29"	posZ="0"	rotation="180"/>
		</Effects>

		<Names noArticle="true" personalName="true">
			Erin Starton; Kondor; Stormbringer; Ytrix; Xander Mal;
			Remora Khan; Ravleen; Charum
		</Names>

		<AISettings
			aggressor=			"true"
			fireRateAdj=		"15"
			fireAccuracy=		"95"
			perception=			"4"
			/>

		<StaticData>
			<arenaSkillBase>800</arenaSkillBase>
		</StaticData>

	</ShipClass>

	<!-- Wolfen-class Gunship -->

	<ShipClass UNID="&scWolfenG5;"
			manufacturer=		"Pacific Defense Corporation"
			class=				"Wolfen"
			type=				"gunship"
			level=				"5"

			mass=				"20"
			cargoSpace=			"35"
			thrustRatio=		"13"
			maxSpeed=			"25"

			attributes=			"battleArena, gladiator"
			>

		<Armor>
			<ArmorSection start="315" span="90" armorID="&itPolyceramicPlate;"/>
			<ArmorSection start="225" span="90" armorID="&itPolyceramicPlate;"/>
			<ArmorSection start="135" span="90" armorID="&itPolyceramicPlate;"/>
			<ArmorSection start="45"  span="90" armorID="&itPolyceramicPlate;"/>
		</Armor>

		<Devices>
			<Table>
				<Device chance="40" item="&itDualTurbolaserCannon;"/>
				<Device chance="40" item="&itMoskvaDualCannon;"/>
				<Device chance="20" item="&itDualRecoillessCannon;" enhanced="100"/>
			</Table>

			<Device deviceID="&itCyclotronDeflectorI;"/>
		</Devices>

		<Maneuver
			maxRotationRate=	"12.0"
			rotationAccel=		"2.0"
			/>

		<Items>
			<Item count="1d6" item="&itHelium3FuelRod;"/>
		</Items>

		<Names noArticle="true" personalName="true">
			Ballena; Halifax Warg; Ortho; Vortex; Qirin Caine;
			Firedrake; Vilkacis Grome
		</Names>

		<AISettings
			aggressor=			"true"
			fireRateAdj=		"12"
			fireAccuracy=		"95"
			perception=			"4"
			/>

		<Image imageID="&rsWolfenGunshipHD;" imageX="0" imageY="0" imageWidth="48" imageHeight="48" rotationCount="120"/>

		<Effects>
			<Effect type="thrustMain"		posAngle="158"	posRadius="20"	posZ="0"	rotation="180"/>
			<Effect type="thrustMain"		posAngle="-180"	posRadius="18"	posZ="-5"	rotation="180"/>
			<Effect type="thrustMain"		posAngle="-158"	posRadius="20"	posZ="0"	rotation="180"/>
			<Effect type="rotateRight"		posAngle="45"	posRadius="20"	posZ="0"	rotation="135"/>
			<Effect type="rotateRight"		posAngle="-110"	posRadius="16"	posZ="0"	rotation="315"/>
			<Effect type="rotateLeft"		posAngle="-45"	posRadius="20"	posZ="0"	rotation="225"/>
			<Effect type="rotateLeft"		posAngle="110"	posRadius="16"	posZ="0"	rotation="45"/>
		</Effects>

		<StaticData>
			<arenaSkillBase>750</arenaSkillBase>
		</StaticData>

	</ShipClass>

<!-- Gladiator (Level 6) ================================================== -->

	<!-- Centurion-class Heavy Gunship -->

	<ShipClass UNID="&scCenturionG6;"
			manufacturer=		"Pacific Defense Corporation"
			class=				"Centurion"
			type=				"heavy gunship"
			level=				"6"

			mass=				"90"
			cargoSpace=			"50"
			thrustRatio=		"9.0"
			maxSpeed=			"22"

			attributes=			"battleArena, gladiator"
			>

		<Armor>
			<ArmorSection start="315" span="90" armorID="&itPolyceramicPlate;"/>
			<ArmorSection start="225" span="90" armorID="&itPolyceramicPlate;"/>
			<ArmorSection start="135" span="90" armorID="&itPolyceramicPlate;"/>
			<ArmorSection start="45"  span="90" armorID="&itPolyceramicPlate;"/>
		</Armor>

		<Devices>
			<Table>
				<Device chance="20" deviceID="&itOmniTurbolaserCannon;" enhanced="100"/>
				<Device chance="20" deviceID="&itLancerCannon;"/>
				<Device chance="20" deviceID="&itDualParticleBeamWeapon;"/>
				<Device chance="20" deviceID="&itNeutronBlaster;"/>
				<Device chance="20" deviceID="&itShtormRepeater;"/>
			</Table>

			<Table>
				<Device chance="25" deviceID="&itIonCannon;"/>
				<Device chance="75" deviceID="&itNAMIMissileLauncher;">
					<Items>
						<Item count="100"	item="&itKM500Missile;"/>
						<Item count="50"	item="&itKM550Missile;"/>
					</Items>
				</Device>
			</Table>

			<Device deviceID="&itCeratopsQuasiArmor1;"/>
		</Devices>

		<Maneuver
			maxRotationRate=	"9.0"
			rotationAccel=		"1.0"
			/>

		<Items>
			<Item count="2d6" item="&itHeliumAssembly;"/>
		</Items>

		<Image imageID="&rsMediumShips2;" imageX="320" imageY="0" imageWidth="64" imageHeight="64"/>

		<Effects>
			<Effect type="thrustMain"		posAngle="141"	posRadius="27"	posZ="0"	rotation="180"/>
			<Effect type="thrustMain"		posAngle="-141"	posRadius="27"	posZ="0"	rotation="180"/>
			<Effect type="rotateRight"		posAngle="82"	posRadius="23"	posZ="0"	rotation="0"/>
			<Effect type="rotateRight"		posAngle="-98"	posRadius="23"	posZ="0"	rotation="180"/>
			<Effect type="rotateLeft"		posAngle="-82"	posRadius="23"	posZ="0"	rotation="0"/>
			<Effect type="rotateLeft"		posAngle="98"	posRadius="23"	posZ="0"	rotation="180"/>
		</Effects>

		<Names noArticle="true" personalName="true">
			The Dauphin; Hale Thonsen; Lantham; Polaris; Ursus;
			The Elemental; Polar Dragon; Frost; Karl Svalbard
		</Names>

		<AISettings
			aggressor=			"true"
			fireRateAdj=		"12"
			fireAccuracy=		"95"
			perception=			"4"
			/>

		<StaticData>
			<arenaSkillBase>1200</arenaSkillBase>
		</StaticData>

	</ShipClass>

	<!-- Manticore-class Heavy Gunship -->

	<ShipClass UNID="&scManticoreG6;"
			manufacturer=		"Makayev-Energia"
			class=				"Manticore"
			type=				"heavy gunship"

			size=				"33"
			mass=				"120"
			cargoSpace=			"50"
			thrustRatio=		"2.0"
			maxSpeed=			"18"

			attributes=			"battleArena, gladiator"
			>

		<Armor>
			<ArmorSection start="315" span="90" armorID="&itBlastPlate;"/>
			<ArmorSection start="225" span="90" armorID="&itBlastPlate;"/>
			<ArmorSection start="135" span="90" armorID="&itBlastPlate;"/>
			<ArmorSection start="45"  span="90" armorID="&itBlastPlate;"/>
		</Armor>

		<Devices>
			<Table>
				<Group chance="25">
					<Device item="&itMarkIHowitzer;"	posAngle="40"	posRadius="37"	posZ="0"/>
					<Device item="&itCyclotronDeflectorIII;"/>
				</Group>

				<Group chance="25">
					<Device item="&itAkan30Cannon;"		posAngle="40"	posRadius="37"	posZ="0">
						<Items>
							<Item count="500" item="&itAkan30CannonShell;"/>
						</Items>
					</Device>

					<Device item="&itCyclotronDeflectorIII;"/>
				</Group>

				<Group chance="25">
					<Device item="&itUrakHowitzer;"	posAngle="40"	posRadius="37"	posZ="0"/>
					<Device item="&itCyclotronDeflectorIV;"/>
				</Group>

				<Group chance="25">
					<Device item="&itMoskvaLightTurret;"  posAngle="0"	posRadius="5"	posZ="10" secondaryWeapon="true"/>
					<Device item="&itArmorRepairDevice;"/>
					<Device item="&itCyclotronDeflectorIV;"/>
				</Group>
			</Table>

			<Table>
				<Device chance="50" item="&itMakayevLauncher;"	posAngle="0"	posRadius="20"	posZ="0">
					<Items>
						<Item count="50" item="&itStrelkaGreen;"/>
						<Item count="250" item="&itStrelkaWhite;"/>
					</Items>
				</Device>

				<Device chance="50" item="&itMAGLauncher;"	posAngle="-40"	posRadius="37"	posZ="0">
					<Items>
						<Item count="20-30" item="&itZG24ClusterMAG;"/>
						<Item count="30-50" item="&it800HexageneMAG;"/>
					</Items>
				</Device>
			</Table>
		</Devices>

		<Maneuver
			maxRotationRate=	"9.0"
			rotationAccel=		"1.0"
			/>

		<Items>
			<Item count="2d6" item="&itHeliumAssembly;"/>
		</Items>

		<Image imageID="&rsManticore120;" imageWidth="80" imageHeight="80" rotationCount="120" rotationColumns="12" viewportRatio="0.00625"/>
		<HeroImage imageID="&rsManticoreHero;" imageWidth="320" imageHeight="320"/>
		
		<Effects>
			<Effect type="thrustMain"		posAngle="157"	posRadius="29"	posZ="0"	rotation="180"/>
			<Effect type="thrustMain"		posAngle="-157"	posRadius="29"	posZ="0"	rotation="180"/>
		</Effects>

		<Names noArticle="true" personalName="true">
			Fenris; Luna Mal; Talisman; Dimachaeri; Quartinus;
			Tannin; Orobas
		</Names>

		<AISettings
			aggressor=			"true"
			fireRateAdj=		"15"
			fireAccuracy=		"95"
			perception=			"4"
			/>

		<StaticData>
			<arenaSkillBase>1100</arenaSkillBase>
		</StaticData>

	</ShipClass>

	<!-- Wolfen-class Gunship -->

	<ShipClass UNID="&scWolfenG6;"
			manufacturer=		"Pacific Defense Corporation"
			class=				"Wolfen"
			type=				"gunship"
			level=				"6"

			mass=				"20"
			cargoSpace=			"35"
			thrustRatio=		"13"
			maxSpeed=			"25"

			attributes=			"battleArena, gladiator"
			>

		<Armor>
			<ArmorSection start="315" span="90" armorID="&itCeralloyArmor;"/>
			<ArmorSection start="225" span="90" armorID="&itCeralloyArmor;"/>
			<ArmorSection start="135" span="90" armorID="&itCeralloyArmor;"/>
			<ArmorSection start="45"  span="90" armorID="&itCeralloyArmor;"/>
		</Armor>

		<Devices>
			<Table>
				<Device chance="40" item="&itDualTurbolaserCannon;"/>
				<Device chance="40" item="&itMoskvaDualCannon;"/>
				<Device chance="12" item="&itDualFlenserCannon;"/>
				<Device chance="8"  item="&itNeutronBlaster;"/>
			</Table>

			<Device deviceID="&itNAMIMissileLauncher;">
				<Items>
					<Item count="20-30"	item="&itKM500Missile;"/>
				</Items>
			</Device>

			<Device deviceID="&itHullPlateIonizer;"/>
		</Devices>

		<Maneuver
			maxRotationRate=	"12.0"
			rotationAccel=		"2.0"
			/>

		<Items>
			<Item count="1d6" item="&itHelium3FuelRod;"/>
		</Items>

		<Names noArticle="true" personalName="true">
			Constantine; Illuminatus; Pestilence; The Warthog; Scimitar;
			Demonlance; Jean Rougarou
		</Names>

		<AISettings
			aggressor=			"true"
			fireRateAdj=		"15"
			fireAccuracy=		"95"
			perception=			"4"
			/>

		<Image imageID="&rsWolfenGunshipHD;" imageX="0" imageY="0" imageWidth="48" imageHeight="48" rotationCount="120"/>

		<Effects>
			<Effect type="thrustMain"		posAngle="158"	posRadius="20"	posZ="0"	rotation="180"/>
			<Effect type="thrustMain"		posAngle="-180"	posRadius="18"	posZ="-5"	rotation="180"/>
			<Effect type="thrustMain"		posAngle="-158"	posRadius="20"	posZ="0"	rotation="180"/>
			<Effect type="rotateRight"		posAngle="45"	posRadius="20"	posZ="0"	rotation="135"/>
			<Effect type="rotateRight"		posAngle="-110"	posRadius="16"	posZ="0"	rotation="315"/>
			<Effect type="rotateLeft"		posAngle="-45"	posRadius="20"	posZ="0"	rotation="225"/>
			<Effect type="rotateLeft"		posAngle="110"	posRadius="16"	posZ="0"	rotation="45"/>
		</Effects>

		<StaticData>
			<arenaSkillBase>1000</arenaSkillBase>
		</StaticData>

	</ShipClass>

	<!-- The Slicer's Manticore-class Heavy Gunship -->

	<ShipClass UNID="&scTheSlicerManticore;"
			manufacturer=		"Makayev-Energia"
			class=				"Manticore"
			type=				"heavy gunship"

			size=				"33"
			mass=				"120"
			cargoSpace=			"50"
			thrustRatio=		"4.0"
			maxSpeed=			"22"

			attributes=			"battleArena, theSlicer"
			>

		<Armor
			armorID=			"&itBlastPlate;"
			count=				"6"
			/>
		
		<Devices>
			<Device item="&itSlicerCannon;"	posAngle="0"	posRadius="20"	posZ="0"/>

			<Table>
				<Group chance="25">
					<Device item="&itOmniPartisanCannon;"  posAngle="0"	posRadius="5"	posZ="10" secondaryWeapon="true"/>
					<Device item="&itR1Deflector;"/>
				</Group>

				<Group chance="25">
					<Device item="&itOmniPartisanCannon;" enhanced="100"  posAngle="0"	posRadius="5"	posZ="10" secondaryWeapon="true"/>
					<Device item="&itCyclotronDeflectorIV;"/>
				</Group>

				<Group chance="25">
					<Device item="&itOmniPartisanCannon;"  posAngle="0"	posRadius="5"	posZ="10" secondaryWeapon="true"/>
					<Device item="&itArmorRepairDevice;"/>
					<Device item="&itCyclotronDeflectorIV;"/>
				</Group>

				<Group chance="25">
					<Device item="&itMakayevLauncher;"	posAngle="0"	posRadius="20"	posZ="0">
						<Items>
							<Table>
								<Item chance="60" count="250" item="&itStrelkaWhite;"/>
								<Item chance="30" count="150" item="&itStrelkaGreen;"/>
								<Item chance="10" count="50" item="&itStrelkaRed;"/>
							</Table>
						</Items>
					</Device>

					<Device item="&itCeratopsQuasiArmor1;"/>
				</Group>
			</Table>
		</Devices>

		<Maneuver
			maxRotationRate=	"9.0"
			rotationAccel=		"2.0"
			/>

		<Items>
			<Item count="2d6" item="&itHeliumAssembly;"/>
		</Items>

		<Image imageID="&rsManticore120;" imageWidth="80" imageHeight="80" rotationCount="120" rotationColumns="12" viewportRatio="0.00625"/>
		<HeroImage imageID="&rsManticoreHero;" imageWidth="320" imageHeight="320"/>

		<Effects>
			<Effect type="thrustMain"		posAngle="157"	posRadius="29"	posZ="0"	rotation="180"/>
			<Effect type="thrustMain"		posAngle="-157"	posRadius="29"	posZ="0"	rotation="180"/>
		</Effects>

		<Names noArticle="true" personalName="true">The Slicer</Names>

		<AISettings
			aggressor=			"true"
			fireRateAdj=		"10"
			fireAccuracy=		"95"
			perception=			"4"
			/>

		<StaticData>
			<arenaSkillBase>1200</arenaSkillBase>
		</StaticData>

	</ShipClass>

</TranscendenceModule>
