<?xml version="1.0" encoding="utf-8"?>

<TranscendenceModule>

	<!-- Charon Pirate Fortress

	GLOBAL DATA

	status:				Status of Charon Fortress
							Nil						= OK
							'destroyed				= fortress destroyed
							'allDestroyed			= all Charon stations (including fortress) destroyed
	-->

	<StationType UNID="&stCharonPirateFortress;"
			name=				"Fortress of the Charon Pirates"
			sovereign=			"&svPirates;"
			abandonedScreen=	"&dsAbandonedStation;"
			dockingPorts=		"8"
			canAttack=			"true"

			multiHull=			"true"
			armorID=			"&itAdvancedReactiveArmor;"
			hitPoints=			"300"
            regen=              "3"
			fireRateAdj=		"20"
			explosionType=		"&vtBlastExplosion4;"
			ejectaType=			"&vtWreckEjecta;"

			attributes=			"charonFortress, charonPirates, enemy, generic, human, majorStation, pirates, populated"
			level=				"3"
			alertWhenAttacked=	"100"

			definiteArticle=	"true"
			>

		<Image			imageID="&rsStations3;" imageX="0" imageY="352" imageWidth="256" imageHeight="256"/>

		<Devices>
			<Device deviceID="&itParticleBeamWeapon;"	omnidirectional="true" posAngle="45"  posRadius="60"/>
			<Device deviceID="&itParticleBeamWeapon;"	omnidirectional="true" posAngle="215" posRadius="60"/>
		</Devices>

		<Ships>
			<!-- Docked -->

			<Table>
				<Ship chance="10"	count="2d3"	class="&scViking;"		orders="guard"/>
				<Group chance="30">
					<Ship			count="1d6"	class="&scCorsair;"		orders="guard"/>
					<Ship			count="1d2"	class="&scCorsair-II;"	orders="guard"/>
				</Group>
				<Group chance="20">
					<Ship			count="1d4"	class="&scViking;"		orders="guard"/>
					<Ship			count="1"	class="&scCorsair-II;"	orders="guard"/>
				</Group>
				<Group chance="15">
					<Ship			count="1d2"	class="&scViking;"		orders="guard"/>
					<Ship			count="1"	class="&scDrake;"		orders="guard"/>
				</Group>
				<Group chance="15">
					<Ship			count="1d6"	class="&scCorsair;"		orders="guard"/>
					<Ship			count="1"	class="&scDrake;"		orders="guard"/>
				</Group>
				<Ship chance="10"	count="1d4"	class="&scCorsair-II;"	orders="guard"/>
			</Table>

			<!-- Patrol -->

			<Table>
				<Group chance="75">
					<Ship			count="1d6" class="&scViking;"		orders="patrol" patrolDist="15"/>
					<Ship			count="1d2" class="&scCorsair-II;"	orders="patrol" patrolDist="15"/>
				</Group>
				<Ship chance="25"	count="1"	class="&scDrake;"		orders="patrol" patrolDist="20">
					<Escorts>
						<Ship			count="1d6"	class="&scViking;"	orders="escort"/>
					</Escorts>
				</Ship>
			</Table>
		</Ships>

		<Reinforcements minShips="6">
			<Table>
				<Ship chance="35"	count="1d6"	class="&scCorsair;"		orders="guard"/>
				<Ship chance="35"	count="1d3"	class="&scViking;"		orders="guard"/>
				<Ship chance="20"	count="1d2"	class="&scCorsair-II;"	orders="guard"/>
				<Ship chance="10"	count="1"	class="&scDrake;"		orders="guard"/>
			</Table>
		</Reinforcements>

		<Items>
			<Item					count="8d8"	item="&itKM100Missile;" />
			<Item					count="4d8"	item="&itKM500Missile;" />
			<Item					count="1"	item="&itClass3Deflector;" />
			<Item					count="2d4"	item="&itLightBlastPlate;" />
			<Table count="1d2">
				<Lookup chance="40" count="1" table="&trConsumables4;"/>
				<Lookup chance="40" count="1" table="&trMinorItem4;"/>
				<Lookup chance="20" count="1" table="&trMajorItem4;"/>
			</Table>
		</Items>

		<Encounters frequency="common">
			<Table>
				<Ship chance="60" count="1"	class="&scViking;" eventHandler="&evStdPatrolEncounterBehavior;">
					<Escorts>
						<Table>
							<Ship chance="40" count="1d6" class="&scCorsair;" orders="escort"/>
							<Ship chance="30" count="1" class="&scViking;" orders="escort"/>
							<Ship chance="30" count="1" class="&scCorsair-II;" orders="escort"/>
						</Table>
					</Escorts>
				</Ship>
				<Ship chance="30" count="1"	class="&scCorsair-II;" eventHandler="&evStdPatrolEncounterBehavior;">
					<Escorts>
						<Ship chance="60" count="1d6" class="&scCorsair;" orders="escort"/>
						<Ship chance="40" count="1" class="&scViking;" orders="escort"/>
					</Escorts>
				</Ship>
				<Ship chance="10" count="1"	class="&scCharonFrigateRaider;" eventHandler="&evCharonRaiderBehavior;">
					<OnCreate>(objFireEvent gSource "OrderAmbush")</OnCreate>
				</Ship>
			</Table>
		</Encounters>

		<Events>
			<OnDestroy>
				(objSetGlobalData gSource "status" 'destroyed)
			</OnDestroy>
		</Events>

		<DockingPorts>
			<Port x="-6"	y="114" />
			<Port x="75"	y="103" />
			<Port x="117"	y="70" />
			<Port x="148"	y="-5" />
			<Port x="135"	y="-68" />
			<Port x="75"	y="-124" />
			<Port x="7"		y="-143" />
			<Port x="-89"	y="-116" />
			<Port x="-127"	y="-72" />
			<Port x="-142"	y="8" />
			<Port x="-120"	y="58" />
			<Port x="-58"	y="103" />
		</DockingPorts>

	</StationType>

	<!-- Korolov Shipping in Charon System 

	EXTRA DATA:

	MissionStatus:		Status:
							Nil						= Attack has not begun
							'underAttack			= Station is under attack
							'destroyed				= Station has been destroyed by pirate attack
							'revenge				= Player has been asked to avenge the station (by destroying Charon Fortress)
							'success				= Attack on station defeated
							'attackPlan				= Player has been asked to destroy Charon Fortress
							'fortressDestroyed		= Charon Fortress destroyed
	-->

	<StationType UNID="&stKorolovAtCharon;"
			name=				"Korolov Shipping"
			sovereign=			"&svCorporate;"
			dockScreen=			"Dispatch"
			abandonedScreen=	"Destroyed"
			dockingPorts=		"10"
			canAttack=			"true"
			noBlacklist=		"true"

            level=              "4"
			multiHull=			"true"
			armorID=			"&itPlasteelPlate;"
			maxHitPoints=		"470"
			hitPoints=			"150"
			regen=			    "1.4"
			shipRepairRate=		"3"
			explosionType=		"&vtBlastExplosion3;"
			ejectaType=			"&vtWreckEjecta;"

			attributes=			"corporate, corporateCustoms, corporateDecon, friendly, human, populated, majorStation, korolovCharon, korolovShipping"

			noArticle=			"true"
			>

		<!-- Image and Effects -->
		
		<Image			imageID="&rsKorolovShipping;" imageWidth="292" imageHeight="364"/>

		<DockingPorts>
			<Port x="-18"	y="128" />
			<Port x="100"	y="127" />
			<Port x="156"	y="31" />
			<Port x="165"	y="-45" />
			<Port x="98"	y="-75" />
			<Port x="120"	y="-153" />

			<Port x="0"		y="-162" />
			<Port x="-90"	y="-165" />
			<Port x="-103"	y="-82" />
			<Port x="-178"	y="-46" />
			<Port x="-113"	y="43" />
			<Port x="-98"	y="122" />
		</DockingPorts>

		<Trade currency="credit" max="100000" replenish="5000">
			<Sell	criteria="*NU -illegal; -notForSale; -notStandard;"	priceAdj="110" noDescription="true"/>
			
			<Refuel			criteria="f +BasicFuel; L:1-5;" priceAdj="90"/>
			<RepairArmor	criteria="a L:1-8;" priceAdj="100"/>
			<ReplaceArmor	criteria="a L:1-8;" priceAdj="100"/>
			<InstallDevice	criteria="d L:1-6" priceAdj="100"/>
			<RemoveDevice	criteria="d L:1-6;" priceAdj="100"/>
		</Trade>
		
		<Items>
			<RandomItem count="1d4" criteria="r -illegal; -military; -notForSale; -notStandard; L:3-6;"		levelFrequency="systemLevel:ru|c|curv"/>
		</Items>

		<Ships>
			<Lookup count="1d2" table="&tbCommDefenders;"/>
			<Lookup count="1d4" table="&tbCommPrivateCrafts;"/>
			<Ship	count="3d6" class="&scRoninB;" orders="patrol" patrolDist="10"/>
		</Ships>

		<Events>
			<OnCreate>
				(block Nil
					; Create fleets of pirates to attack
					(for i 1 5
						(sysAddEncounterEventAtDist 500 gSource &etPirateAmbush3; (random 100 200))
						)

					; Under attack
					(sysAddObjTimerEvent 500 gSource "OnTimerAttack1")

					; Create drakes
					(sysAddObjTimerEvent 850 gSource "OnTimerAttack2")
					)
			</OnCreate>

			<OnDestroy>
				(block Nil
					(if (and 
							(eq (objGetData gSource "MissionStatus") "underAttack")
							(not (eq aOrderGiver gPlayerShip))
							)
						(block Nil
							(objSetData gSource "MissionStatus" "destroyed")
							(sysAddObjRecurringTimerEvent 150 gSource "OnCheckRevenge")
							)
						)
						
					(rpgDestroyItems gSource)
					)
			</OnDestroy>

			<OnObjDestroyed>
				(if (eq (objGetData gSource "MissionStatus") "underAttack")
					(block Nil
						(if (objGetData aObjDestroyed "Destroyer")
							(objIncData gSource "DestroyerCount" -1)
							)

						(if (leq (objGetData gSource "DestroyerCount") 0)
							(objSetData gSource "MissionStatus" "success")
							)
						)
					)
			</OnObjDestroyed>

			<OnTimerAttack1>
				(if (not (objIsAbandoned gSource))
					(block Nil
						(objSetData gSource "MissionStatus" "underAttack")
						)
					)
			</OnTimerAttack1>

			<OnTimerAttack2>
				(if (eq (objGetData gSource "MissionStatus") 'underAttack)
					(block (pos)
						(setq pos (sysVectorPolarOffset gSource (random 0 359) 120))

						; Create drake ships
						(for i 1 5
							(block (theShip)
								(setq theShip 
									(sysCreateShip 
											&scDrake; 
											(sysVectorPolarOffset pos (multiply i 30) 24)
											&svPirates;)
									)

								(shpOrderAttack theShip gSource)
								(shpOrderGate theShip)

								(objSetData theShip "Destroyer" True)
								(objRegisterForEvents gSource theShip)
								)
							)

						(objSetData gSource "DestroyerCount" 5)
						)
					)
			</OnTimerAttack2>

			<OnCheckRevenge>
				(block Nil
					(if (and (not (sysFindObject gSource "AT:charonFortress;"))
							(eq (count (sysFindObject gSource "AT:charonPirates;")) 0)
							)

						; Replace the destroyed korolov with new construction
						(block (newStation)
							(setq newStation (sysCreateStation &stKorolovAtCharonCons; (objGetPos gSource)))
							(objSetKnown newStation)
							(objDestroy gSource)
							(typSetGlobalData &stCharonPirateFortress; "status" 'allDestroyed)
							)
						)
					)
			</OnCheckRevenge>
		</Events>

		<DockScreens>
			<Dispatch
				name=			"Korolov Shipping"
				>

				<InitialPane>
					(block (missionStatus)
						(setq missionStatus (objGetData gSource "MissionStatus"))

						(switch
							(and (eq missionStatus 'success)
									(sysFindObject gSource "AT:charonPirates;"))
								"DestroyFortressMission"

							(and (eq missionStatus 'attackPlan)
									(not (sysFindObject gSource "AT:charonPirates;")))
								"DestroyFortressSuccess"

							"Default"
							)
						)
				</InitialPane>

				<Panes>
					<Default>
						<OnPaneInit>
							(block (desc playerLevel)
								(setq playerLevel (korInitialize))
								(scrSetDesc gScreen (korMsgWelcome playerLevel))
								)
						</OnPaneInit>

						<Actions>
							<Action name="Escort Freighter" default="1" key="E">
								(block (missionStatus)
									(setq missionStatus (objGetData gSource "MissionStatus"))
									(switch
										(eq missionStatus 'success)
											(scrShowPane gScreen "MissionOver")

										(eq missionStatus 'attackPlan)
											(scrShowPane gScreen "DestroyFortressInProgress")

										(eq missionStatus 'fortressDestroyed)
											(scrShowPane gScreen "MissionOver")

										(eq missionStatus 'underAttack)
											(scrShowPane gScreen "UnderAttack")

										(leq (typGetGlobalData &stKorolovShipping; "xp") 0)
											(scrShowPane gScreen "CantUseCommandCenter")

										(scrShowPane gScreen "Defend")
										)
									)
							</Action>

							<Action name="Dock Services" key="D">
								(block (xp)
									(setq xp (typGetGlobalData &stKorolovShipping; "xp"))
									(if (leq xp 0)
										(scrShowPane gScreen "CantUseDockServices")
										
										(rpgDockServices gPlayerShip {
											checkMilitaryID: True
											})
										)
									)
							</Action>

							<Action name="Undock" cancel="1" key="U">
								<Exit/>
							</Action>

						</Actions>

					</Default>

					<CantUseCommandCenter
							desc=	"Sorry, only experienced pilots are allowed to escort freighters.">

						<Actions>
							<Action name="Continue" default="1" cancel="1" key="C">
								<ShowPane pane="Default"/>
							</Action>
						</Actions>
					</CantUseCommandCenter>

					<CantUseDockServices
							desc=	"The dock services area is restricted to members only.">

						<Actions>
							<Action name="Continue" default="1" cancel="1" key="C">
								<ShowPane pane="Default"/>
							</Action>
						</Actions>

					</CantUseDockServices>

					<Defend
							desc=	"As you enter the command center, you see several people gathered around a central display table.&#x0a;&#x0a;A woman approaches you, &quot;We're planning a big attack on the Charon fortress in this system and we could use all the help we can get. Are you...&quot;">

						<Actions>
							<Action name="Continue" default="1" cancel="1" key="C">
								<ShowPane pane="Defend2"/>
							</Action>
						</Actions>

					</Defend>

					<Defend2
							desc=	"Before she can finish, the alarms bleat and she turns back to the display table.&#x0a;&#x0a;Her face goes white as she sees the mass of signals approaching the stations...">

						<Actions>
							<Action name="Leave" default="1" cancel="1" key="L">
								(block Nil
									(if (not (objGetData gSource "MissionStatus"))
										(objSetData gSource "MissionStatus" "underAttack")
										)
									(scrExitDock gScreen)
									)
							</Action>
						</Actions>

					</Defend2>

					<MissionOver
							desc=	"After a violent pirate attack, the command center is nearly ruined.&#x0a;&#x0a;&quot;Sorry, no freighters are looking for escorts right now.&quot;">

						<Actions>
							<Action name="Continue" default="1" cancel="1" key="C">
								<ShowPane pane="Default"/>
							</Action>
						</Actions>

					</MissionOver>

					<UnderAttack
							desc=	"The command center is filled with men and women shouting orders and counter-orders. The constant drone of sirens is punctuated frequently by concussive blow of explosions.&#x0a;&#x0a;A woman shouts at you, &quot;Get out of here and make yourself useful!&quot;">

						<Actions>
							<Action name="Continue" default="1" cancel="1" key="C">
								<ShowPane pane="Default"/>
							</Action>
						</Actions>

					</UnderAttack>

					<DestroyFortressMission>
						<OnPaneInit>
							(scrSetDesc gScreen (cat "The command center is smashed. Some people are caring for the injured while others look at the tactical screens. A woman approaches you:\n\n"
								"\"Thanks for your help! We were lucky that you were in the area. Now we need you to strike while we have the initiative. Destroy all the Charon stations in the system!\""
								))
						</OnPaneInit>

						<Actions>
							<Action name="Continue" key="C" default="1" cancel="1">
								(block Nil
									(objSetData gSource "MissionStatus" 'attackPlan)
									(scrExitDock gScreen)
									)
							</Action>
						</Actions>
					</DestroyFortressMission>

					<DestroyFortressInProgress>
						<OnPaneInit>
							(block (pirateStationsLeft)
								(setq pirateStationsLeft (count (sysFindObject gSource "AT:charonPirates; -charonFortress;")))
								(setq fortress (sysFindObject gSource "AT:charonFortress;"))

								(scrSetDesc gScreen (cat
									"The command center is nearly ruined, but several people are tracking the tactical situation:\n\n"
									(switch
										(and (not fortress) (eq pirateStationsLeft 1))
											"\"There is still one Charon station left in the system. Destroy it and you'll be done!\""

										(not fortress)
											(cat "\"Although the Charon Fortress has been destroyed there are still " (strNumber pirateStationsLeft) " Charon stations in the system.\"")

										(eq pirateStationsLeft 1)
											"\"There are two Charon stations still active in the system: the Fortress of the Charon Pirates and another lesser Charon station.\""

										(cat "\"There are " (strNumber pirateStationsLeft) " Charon pirate stations left, in addition to the Fortress of the Charon Pirates.\"")
										)
									))
								)
						</OnPaneInit>

						<Actions>
							<Action name="Continue" key="C" default="1" cancel="1">
								<ShowPane pane="Default"/>
							</Action>
						</Actions>
					</DestroyFortressInProgress>

					<DestroyFortressSuccess>
						<OnPaneInit>
							(block (roll)
								(setq roll (random 1 100))
								(switch
									(leq roll 30)
										(setq gItem (itmCreate &itXRayLaserCannon; 1))

									(leq roll 60)
										(setq gItem (itmCreate &itOmniParticleCannon; 1))

									(leq roll 80)
										(setq gItem (itmCreate &itMarkIHowitzer; 1))

									(setq gItem (itmCreate &itClass5Deflector; 1))
									)

								(scrSetDesc gScreen (cat "Everyone cheers as you enter.\n\n"
									"\"We don't have much in the way of rewards, but it would be our honor if you would accept "
									(itmGetName gItem 0x040)
									". The Charon pirates will no longer threaten the Commonwealth, and we owe it all to you!\""
									))
								)
						</OnPaneInit>

						<Actions>
							<Action name="Continue" key="C" default="1" cancel="1">
								(block Nil
									(objAddItem gPlayerShip gItem)
									(objSetData gSource "MissionStatus" 'fortressDestroyed)
									(scrShowPane gScreen "Default")
									)
							</Action>
						</Actions>
					</DestroyFortressSuccess>
				</Panes>

			</Dispatch>

			<Destroyed
				name=			"Korolov Shipping"
				>

				<OnScreenInit>
					(if (not (eq (objGetData gSource "MissionStatus") "destroyed"))
						(scrShowScreen gScreen "&dsAbandonedStation;")
						)
				</OnScreenInit>

				<Panes>
					<Default
							desc=	"You are docked at the lifeless ruins of a destroyed station. Amid wrecked machinery and smouldering bodies you find a woman who is still alive.&#x0a;&#x0a;She grabs your hand, &quot;Avenge us...the Fortress is in the system...kill them all...&quot;">

						<Actions>
							<Action name="Continue" default="1" cancel="1" key="C">
								(block Nil
									(setq gItem (itmCreate &itCharonPirateMapROM; 1))
									(objAddItem gPlayerShip gItem)

									(objSetData gSource "MissionStatus" "revenge")
									(scrShowPane gScreen "Map")
									)
							</Action>
						</Actions>
					</Default>

					<Map>
						<OnPaneInit>
							(scrSetDesc gScreen
								(cat "As her lifeless hand releases yours, she drops " (itmGetName gItem 0x08) ".\n\nYou take the ROM with you, hoping that it will contain some useful information.")
								)
						</OnPaneInit>

						<Actions>
							<Action name="Undock" default="1" cancel="1" key="U">
								<Exit/>
							</Action>
						</Actions>
					</Map>
				</Panes>
			</Destroyed>

		</DockScreens>

        <Language>
            <Text id="core.mapDescMain">
                "Hires freighter escorts"
            </Text>
        </Language>
	</StationType>

	<!-- Rebuilt Korolov -->

	<StationType UNID="&stKorolovAtCharonCons;"
			name=				"Korolov Shipping"
			sovereign=			"&svCorporate;"
			inherit=			"&baCorporateStation;"
				 
			attributes=			"corporate, corporateCustoms, corporateDecon, friendly, human, majorStation, populated, korolovShipping, underConstruction"
				 
            level=              "4"
			dockScreen=			"Main"
			abandonedScreen=	"&dsAbandonedStation;"
				 
			size=				"390"
			armorID=			"&itPlasteelPlate;"
			maxHitPoints=		"470"
			hitPoints=			"150"
			multiHull=			"true"
			regen=			    "1.4"
			shipRepairRate=		"3"
				 
			canAttack=			"true"
			explosionType=		"&vtBlastExplosion3;"
			ejectaType=			"&vtWreckEjecta;"

			noArticle=			"true"
			>

		<!-- Trade and Items -->
		
		<!-- Ships and Defenses -->
		
		<Ships>
			<Lookup count="1d2" table="&tbCommDefenders;"/>
			<Lookup count="1d4" table="&tbCommPrivateCrafts;"/>
			<Ship	count="2d6" class="&scRoninC;" orders="patrol" patrolDist="10"/>
		</Ships>

		<!-- Image and Effects -->
		
		<Image			imageID="&rsKorolovShippingConstruction;" imageWidth="332" imageHeight="376"/>

		<DockingPorts>
			<Port x="-18"	y="128" />
			<Port x="100"	y="127" />
			<Port x="156"	y="31" />
			<Port x="165"	y="-45" />
			<Port x="98"	y="-75" />
			<Port x="120"	y="-153" />

			<Port x="0"		y="-162" />
			<Port x="-90"	y="-165" />
			<Port x="-103"	y="-82" />
			<Port x="-178"	y="-46" />
			<Port x="-113"	y="43" />
			<Port x="-98"	y="122" />
		</DockingPorts>

		<!-- Dock Screen -->
		
		<DockScreens>
			<Main
				name=			"Korolov Shipping"
				>

				<OnScreenInit>
					(switch
						; If we have not yet rewarded the player, do so
						(not (objGetData gSource "Reward"))
							(scrShowScreen gScreen "Reward")
						)
				</OnScreenInit>

				<Panes>
					<Default desc="You are in the main hall of a Korolov Shipping Company station. The station is under construction.">
						<Actions>
							<Action name="Undock" default="1" cancel="1" key="U">
								<Exit/>
							</Action>
						</Actions>
					</Default>
				</Panes>
			</Main>

			<Reward
				name=			"Korolov Shipping"
				>

				<Panes>
					<Default
							desc="You are docked at a station under construction. The manager of the station walks up to you to shake your hand.&#x0a;&#x0a;&quot;What do you think? We'll have this old station rebuilt in a few months. And we owe it all to you for destroying the pirates.&quot;">

						<Actions>
							<Action name="Continue" default="1" cancel="1" key="C">
								(block (roll)
									; Pick a gift
									(setq roll (random 1 100))
									(switch
										(leq roll 25)
											(setq gItem (itmCreate &itTargetingComputerROM; 1))

										(leq roll 50)
											(block Nil
												(setq gItem (itmCreate &itMilitaryID; 1))
												(itmSetKnown &itMilitaryID;)
												)

										(leq roll 75)
											(setq gItem (itmCreate &itMuleAuton; 1))

										(leq roll 90)
											(setq gItem (itmCreate &itGreenEtheriumCrystal; 1))

										(setq gItem (itmCreate &itRegeneratingNanos; 4))
										)

									(scrShowPane gScreen "Reward2")
									)
							</Action>
						</Actions>
					</Default>

					<Reward2>
						<OnPaneInit>
							(scrSetDesc gScreen
								(cat "\"We don't have much in the way of rewards here. But I've got something that might help in your travels.\"\n\nHe hands you " (itmGetName gItem 0x08) "."))
						</OnPaneInit>

						<Actions>
							<Action name="Undock" default="1" cancel="1" key="U">
								(block (xp)
									(objSetData gSource "Reward" True)

									; Player gains korolov xp
									(setq xp (typGetGlobalData &stKorolovShipping; "xp"))
									(setq xp (add xp 500))
									(typSetGlobalData &stKorolovShipping; "xp" xp)

									; Give reward to player
									(objAddItem gPlayerShip gItem)

									; Done
									(scrExitDock gScreen)
									)
							</Action>
						</Actions>
					</Reward2>
				</Panes>
			</Reward>
		</DockScreens>

		<!-- Events and Data -->
		
        <Language>
            <Text id="core.mapDesc">
                "Under construction"
            </Text>
        </Language>
	</StationType>

	<!-- Charon Pirate Fortress System -->

	<SystemType UNID="&ssCharonPirateFortress;"
				attributes=			"envAir"
				backgroundID=		"&rsRedDwarfSpace;"
				>

		<SystemGroup>

			<!-- Star -->

			<Station type="&stStarClassM8;" name="Cardel Orionis"/>

			<AddAttribute attributes="redDwarfSystem"/>
			<AddTerritory minRadius="0"		maxRadius="200"		attributes="innerSystem, rockyComp, cinderZone"/>
			<AddTerritory minRadius="200"	maxRadius="350"		attributes="lifeZone, rockyComp, desertZone"/>
			<AddTerritory minRadius="350"	maxRadius="0"		attributes="outerSystem, rockyComp, frostZone"/>

			<!-- Lesser Anterock -->

			<Orbitals distance="1d10+75" angle="random">
				<Group>
					<Station type="&stRockyPlanetoidSizeG;" 
							name="Lesser Anterock" 
							showOrbit="true"
							/>

					<Orbitals distance="18" angle="random">
						<Group>
							<Siblings angleInc="0">
								<Lookup table="StargateInbound"/>
							</Siblings>

							<Siblings angleInc="180">
								<Station type="&stKorolovAtCharon;"/>
							</Siblings>
						</Group>
					</Orbitals>
				</Group>
			</Orbitals>

			<!-- Greater Anterock -->

			<Orbitals distance="1d20+150" angle="random">
				<Lookup table="StandardPlanetoidMorphology">
					<_PlanetType>
						<Station type="&stIcePlanetoidSizeF;" 
								name="Greater Anterock" 
								showOrbit="true"
								/>
					</_PlanetType>
					<_PlanetLabel>
						<Label attributes="ice, planet, planetary, planetoid"/>
					</_PlanetLabel>
				</Lookup>
			</Orbitals>

			<!-- Cardel Prime -->

			<Orbitals distance="7" scale="light-minute" angle="random" eccentricity="30" rotation="120">
				<Lookup table="StandardGasGiantMorphology">
					<_PlanetType>
						<Station type="&stHydrogenGasGiantSizeM;" 
								name="Cardel Prime" 
								showOrbit="true"
								/>
					</_PlanetType>
					<_PlanetLabel>
						<Label attributes="gasGiant, hydrogenGiant, planet, planetary"/>
					</_PlanetLabel>
				</Lookup>
			</Orbitals>

			<!-- Ice Belt -->

			<Orbitals distance="12" scale="light-minute" angle="random" eccentricity="40" rotation="120">
				<Lookup table="AsteroidBelt500"/>
			</Orbitals>

			<!-- Create ore deposits -->
			
			<Code>
				(trnCreateOreDeposits (random (list 0 0 0 1 1 1 1 1)))
			</Code>
			
			<!-- Charon Pirate Fortress -->

			<RandomLocation locationCriteria="*asteroidbelt">
				<Station type="&stCharonPirateFortress;"/>
			</RandomLocation>

			<!-- Charon Pirate Strongholds -->

			<RandomLocation count="2d2+1" locationCriteria="++asteroids">
				<Station type="&stCharonPirateOutpost3;"/>
			</RandomLocation>

			<!-- Random stations -->

			<FillLocations
					count=				"1d4" 
					stationCriteria=	"!primary,!debris,+envAir,-envAvoidsAir,!korolovShipping" 
					percentEnemies=		"65"
					separateEnemies=	"true"
					/>

			<!-- Random Debris -->

			<RandomLocation probability="50" locationCriteria="++outerSystem, ++asteroids">
				<Orbitals count="1d6" distance="1d8+6" angle="random">
					<RandomStation stationCriteria="*debris"/>
				</Orbitals>
			</RandomLocation>

			<RandomLocation count="2d2-1" match="++asteroids">
				<RandomStation stationCriteria="*debris"/>
			</RandomLocation>

			<!-- Create more stargates in case an extension added more links -->

			<Lookup table="HumanSpaceStargates"/>

		</SystemGroup>

		<Events>
			<GetGlobalAchievements>
				(block (theList theStatus)
					(setq theStatus (typGetGlobalData &stCharonPirateFortress; "status"))
					
					(if theStatus
						(setq theList (list
							(list 
								(switch
									(eq theStatus 'destroyed) "Destroyed the Fortress in the Charon system"
									(eq theStatus 'allDestroyed) "Cleared the Charon system for Korolov Shipping"
									(cat "ERROR: Charon fortress status: " theStatus)
									) 
								Nil 
								"achievements &amp; regrets"
								)
							))
						)
						
					theList
					)
			</GetGlobalAchievements>
		</Events>
	</SystemType>

</TranscendenceModule>
