<?xml version="1.0" encoding="utf-8"?>

<TranscendenceModule>

	<!-- Commonwealth Metropolis -->

	<StationType UNID="&stCommonwealthStation;"
			name=				"(Commonwealth metropolis)"
			sovereign=			"&svCommonwealth;"
			inherit=			"&baCommonwealthStation;"
				 
			attributes=			"commonwealth, commonwealthCustoms, friendly, generic, human, majorStation, primary, populated"

			dockScreen=			"&dsCommonwealthStation;"
			abandonedScreen=	"&dsAbandonedStation;"

            level=              "4"
			size=				"670"
			armorID=			"&itPlasteelPlate;"
			hitPoints=			"500"
			multiHull=			"true"
			regen=				"4"
			shipRegen=			"4"
			
			canAttack=			"true"
			explosionType=		"&vtBlastExplosion3;"
			ejectaType=			"&vtWreckEjecta;"
			>

		<!-- Encounter Info -->

		<Encounter
				levelFrequency=		"rurrv ----- ----- ----- -----"
				locationCriteria=	"+planetary"
				enemyExclusionRadius="100"
				/>
		
		<Names noArticle="true">
			Starton %s
		</Names>
		
		<!-- Trade and Items -->
		
		<Trade currency="credit" max="200000" replenish="5000">
			<Sell	criteria="m +commonwealth; -military; -illegal; -notForSale; -notStandard;" priceAdj="115" inventoryAdj="200" levelFrequency="systemLevel:ru|c|cur"/>
			<Sell	criteria="*NU -Illegal; -ID; -NotForSale;"	priceAdj="110"/>
			<Buy	criteria="amswNU -Illegal; -NotForSale;"		priceAdj="50"/>
			<Buy	criteria="*NU -Illegal; -ID; -NotForSale;"	priceAdj="90"/>
			<Buy	criteria="*NU -Illegal; -ID;"				priceAdj="10"/>
			
			<Refuel			criteria="f +BasicFuel; L:1-6;" priceAdj="100"/>
			<RepairArmor	criteria="a L:1-7;" priceAdj="100"/>
			<ReplaceArmor	criteria="a L:1-7;" priceAdj="100"/>
			<InstallDevice	criteria="d L:1-6;" priceAdj="100"/>
			<RemoveDevice	criteria="d L:1-6;" priceAdj="100"/>
		</Trade>

		<Items>
			<RandomItem count="2d10" 
					criteria=		"a L:1-7; -alien; -illegal; -military; -notForSale; -notStandard; -specialty;"
					levelFrequency=	"systemLevel:u|c|crv"
					/>
			<RandomItem count="1d4" 
					criteria=		"r L:1-6; -alien; -illegal; -military; -notForSale; -notStandard;"	
					levelFrequency="systemLevel:ru|c|curv"
					/>
			<RandomItem count="2d10" 
					criteria=		"d~r L:1-6; -alien; -illegal; -military; -notForSale; -notStandard; -specialty;"
					levelFrequency=	"systemLevel:u|c|crv"
					/>
			
			<RandomItem count="20" 
					criteria=		"*~ad -alien; -illegal; -military; -notForSale; -notStandard; -specialty;"
					levelFrequency=	"systemLevel:ru|c|cur"
					/>
		</Items>

		<!-- Configuration -->
		

		<!-- Satellites -->
		
		<Satellites>
			<Orbitals distance="15" angle="90">
				<Station type="&stNavBeacon;" imageVariant="1"/>
			</Orbitals>

			<Orbitals distance="15" angle="270">
				<Station type="&stNavBeacon;" imageVariant="1"/>
			</Orbitals>
		</Satellites>
		
		<!-- Ships and Defenses -->
		
		<Ships>
			<Lookup count="3" table="&tbCommEliteDefenders;"/>
			<Lookup count="1d4" table="&tbCommPrivateCrafts;"/>
		</Ships>

		<Reinforcements minShips="5">
			<Table>
				<Lookup chance="75" table="&tbCommEliteDefenders;"/>
				<Lookup chance="25" table="&tbCommPrivateCrafts;"/>
			</Table>
		</Reinforcements>

		<!-- Image and Effects -->
		
		<Image			imageID="&rsCommonwealthMetropolis;" imageWidth="480" imageHeight="480"/>
		
		<DockingPorts
				portCount=		"14"
				portRadius=		"245"
				>
		</DockingPorts>
		
		<!-- Events and Behavior -->

		<StaticData>
			<NPCService>
				(	;	service					level	margin
					(	'repairArmor			7		100		)
					)
			</NPCService>
		</StaticData>
		
		<Events>
			<OnCreate>
				(sysAddObjRecurringTimerEvent 150 gSource "OnTrafficControl")
			</OnCreate>
			
			<OnContractGenerate>
				(intGenerateStandardRequestContract1)
			</OnContractGenerate>

			<OnContractQuery>True</OnContractQuery>
			
			<OnTrafficControl>
				(comTrafficControl gSource 20)
			</OnTrafficControl>
		</Events>
	</StationType>

	<!-- Commonwealth Station, Armored -->

	<StationType UNID="&stCommonwealthStationArmored;"
			name=				"(Commonwealth metropolis, armored)"
			sovereign=			"&svCommonwealth;"
			inherit=			"&baCommonwealthStation;"
				 
			attributes=			"commonwealth, commonwealthCustoms, fleetDelivery, friendly, generic, human, majorStation, primary, populated"
				 
			dockScreen=			"&dsCommonwealthStation;"
			abandonedScreen=	"&dsAbandonedStation;"

			size=				"670"
			armorID=			"&itP120HexphaseArmor;"
			hitPoints=			"1400"
			multiHull=			"true"
			regen=				"28"
			shipRegen=			"4"

			canAttack=			"true"
			explosionType=		"&vtBlastExplosion4;"
			ejectaType=			"&vtWreckEjecta;"
			>

		<!-- Encounter Info -->

		<Encounter
				levelFrequency=		"---ru urv-- ----- ----- -----"
				locationCriteria=	"+planetary"
				enemyExclusionRadius="100"
				/>
		
		<Names noArticle="true">
			Starton %s
		</Names>

		<!-- Trade and Items -->
		
		<Trade currency="credit" max="200000" replenish="5000">
			<Sell	criteria="m +commonwealth; -premiumAmmo; -illegal; -notForSale; -notStandard;" priceAdj="115" inventoryAdj="200" levelFrequency="systemLevel:ru|c|cur"/>
			<Sell	criteria="*NU -Illegal; -ID; -NotForSale;"	priceAdj="110"/>
			<Buy	criteria="amswNU -Illegal; -NotForSale;"		priceAdj="50"/>
			<Buy	criteria="*NU -Illegal; -ID; -NotForSale;"	priceAdj="90"/>
			<Buy	criteria="*NU -Illegal; -ID;"				priceAdj="10"/>
			
			<Refuel			criteria="f +BasicFuel; L:1-8;" priceAdj="100"/>
			<RepairArmor	criteria="a L:1-9;" priceAdj="100"/>
			<ReplaceArmor	criteria="a L:1-9;" priceAdj="100"/>
			<InstallDevice	criteria="d L:1-8;" priceAdj="100"/>
			<RemoveDevice	criteria="d L:1-8;" priceAdj="100"/>
		</Trade>
		
		<Items>
			<RandomItem count="2d10" 
					criteria=		"a L:1-9; -Illegal; -Military; -Alien; -Specialty; -NotStandard; -NotForSale;"
					levelFrequency=	"systemLevel:u|c|crv"
					/>
			<RandomItem count="1d4" 
					criteria=		"r L:4-8; -alien; -illegal; -military; -notForSale; -notStandard;"
					levelFrequency="systemLevel:ru|c|curv"
					/>
			<RandomItem count="2d10" 
					criteria=		"d~r L:1-8; -Illegal; -Military; -Alien; -Specialty; -NotStandard; -NotForSale;"
					levelFrequency=	"systemLevel:u|c|crv"
					/>
			
			<RandomItem count="20" 
					criteria=		"*~ad -Illegal; -Military; -Alien; -Specialty; -NotStandard; -NotForSale;"
					levelFrequency=	"systemLevel:ru|c|cur"
					/>
		</Items>
		
		<!-- Configuration -->
		
		<Devices>
			<Device deviceID="&itTeV9Blaster;"	omnidirectional="true" posAngle="39"  posRadius="215"	posZ="0"/>
			<Device deviceID="&itTeV9Blaster;"	omnidirectional="true" posAngle="90"  posRadius="215"	posZ="0"/>
			<Device deviceID="&itTeV9Blaster;"	omnidirectional="true" posAngle="141" posRadius="215"	posZ="0"/>
			<Device deviceID="&itTeV9Blaster;"	omnidirectional="true" posAngle="193" posRadius="215"	posZ="0"/>
			<Device deviceID="&itTeV9Blaster;"	omnidirectional="true" posAngle="244" posRadius="215"	posZ="0"/>
			<Device deviceID="&itTeV9Blaster;"	omnidirectional="true" posAngle="296" posRadius="215"	posZ="0"/>
			<Device deviceID="&itTeV9Blaster;"	omnidirectional="true" posAngle="347" posRadius="215"	posZ="0"/>
		</Devices>

		<!-- Satellites -->
		
		<Satellites>
			<Orbitals distance="15" angle="90">
				<Station type="&stNavBeacon;" imageVariant="1"/>
			</Orbitals>

			<Orbitals distance="15" angle="270">
				<Station type="&stNavBeacon;" imageVariant="1"/>
			</Orbitals>
		</Satellites>

		<!-- Ships and Defenses -->

		<Ships>
			<Lookup count="3" table="&tbCommEliteDefenders;"/>
			<Lookup count="1d4" table="&tbCommPrivateCrafts;"/>
		</Ships>

		<Reinforcements minShips="5">
			<Table>
				<Lookup chance="75" table="&tbCommEliteDefenders;"/>
				<Lookup chance="25" table="&tbCommPrivateCrafts;"/>
			</Table>
		</Reinforcements>

		<!-- Image and Effects -->
		
		<Image			imageID="&rsCommonwealthMetropolisArmored;" imageWidth="480" imageHeight="480"/>
		
		<DockingPorts
				portCount=		"14"
				portRadius=		"245"
				>
		</DockingPorts>
		
		<!-- Events and Behavior -->

		<Events>
			<OnCreate>
				(sysAddObjRecurringTimerEvent 150 gSource "OnTrafficControl")
			</OnCreate>

			<OnContractGenerate>
				(intGenerateStandardRequestContract1)
			</OnContractGenerate>

			<OnContractQuery>True</OnContractQuery>

			<OnTrafficControl>
				(comTrafficControl gSource 20)
			</OnTrafficControl>
		</Events>
	</StationType>

	<!-- Commonwealth Pub

		gPrevScreen: Must be set to the name/UNID of the screen to
				navigate to when done.
		gPrevPane: Must be set to name of pane to return to.

		-->

	<DockScreen UNID="&dsCommonwealthPub;">

		<Panes>
			<Default desc="You are in a large and crowded spacer bar.">

				<Actions>
					<Action name="Sit at the Bar" default="1" key="S">
						(if (geq (plyGetCredits gPlayer) 5)
							(block Nil
								(plyCharge gPlayer 5)
								(scrShowPane gScreen "Story")
								)
							(scrShowPane gScreen "NoMoney")
							)
					</Action>

					<Action name="Leave" cancel="1" key="L">
						(scrShowScreen gScreen gPrevScreen gPrevPane)
					</Action>

				</Actions>

			</Default>

			<Story>
				<OnPaneInit>
					(block (allEnemies bestStation bestLevel bestMessage allStories scanStation)
						; Define list of stations that we know about
						(setq allStories '(
							(1	&stCentauriOccupation;	10	'scan)
							(2	&stOutlawBase;			11	Nil)
							(3	&stKorolovShipping;		21	'scan)
							(4	&stHotel;				24	'scan)
							(5	&stTerroristCamp;		30	'scan)
							(6	&stBlackMarketStation;	31	'scan)
							(7	&stDrugCartelOutpost;	40	Nil)
							(8	&stSungSlaveCamp;		41	Nil)
							(9	&stPenitentShrine;		50	Nil)
							(10	&stXenophobeFleet;		60	Nil)
							(11 &stTempusLab;			23	'scan)
							(12 &stMiningColony;		20	'scan)
							(13 &stAbbasidOutpost;		22	'scan)
							))

						; Find the best station to tell a story about
						(setq bestLevel 0)
						(setq bestMessage 0)
						(setq scanStation Nil)

						; Look for enemy station in the system
						(setq allEnemies (sysFindObject gPlayerShip "tAM"))
						(enum allEnemies station
							(block (type)
								(setq type (objGetType station))

								; Figure out if there is a story for this station
								(enum allStories story
									(if (eq (item story 1) type)
										(if (gr (item story 2) bestLevel)
											(block Nil
												(setq bestStation station)
												(setq bestLevel (item story 2))
												(setq bestMessage (item story 0))
												(setq scanStation (item story 3))
												)
											)
										)
									)
								)
							)

						; Scan the station
						(if (and scanStation bestStation)
							(objSetKnown bestStation)
							)

						; Tell the story
						(scrSetDesc gScreen
							(switch
								(eq bestMessage 0)
									"You spend 5 credits on drinks; everyone else around you seems to be having a good time."

								(eq bestMessage 1)
									(cat "You listen to a refugee from " (objGetName bestStation) ": \"Centauri warlords took over our station last month. Whatever&#x97;I like this place better.\" You spend 5 credits and buy him a few drinks.")

								(eq bestMessage 2)
									"You spend 5 credits on drinks. A young stationer next to you comments that its a lot easier to get laudanum now that the Outlaw base is in the system."

								(eq bestMessage 3)
									(block (xp)
										(setq rank (typGetGlobalData &stKorolovShipping; "xp"))
										(switch
											(or (not rank) (eq rank 0))
												"You spend 5 credits on drinks. You talk to a couple of freighter pilots who try to convince you to fly escort missions for Korolov Shipping."

											(ls rank 0)
												"A group of freighter pilots point in your direction, talking about how you blew your escort mission. You settle up a 5 credit tab and get ready to leave."

											"A group of freighter pilots welcome you into their group. You tell various stories about your run-ins with the Charon pirates, but in the end you still get stuck with the 5 credit tab."
											)
										)

								(eq bestMessage 4)
									(cat "You talk to a corporate woman staying at the " (objGetName bestStation) ". She drones on about the excellent service. You spend 5 credits on drinks.")

								(eq bestMessage 5)
									"You spend 5 credits and listen to a nuclear technician: \"I just got paid ten kilocreds to install a radiation room at the Sapiens camp! Those flippers scare me&#x97;with all their talk about 'human purity' they seem a little short on the brain scale.\""

								(eq bestMessage 6)
									"A woman dressed in a fancy neolinen suit talks to you: \"Do you know how to get a contact at the black market station? You look like you might know.\" You spend 5 credits on drinks."

								(eq bestMessage 7)
									"An old man talks to you: \"I don't trust the corporate medlabs&#x97;they talk about drug shortages while they munch on oncokillers and antigens! I'm going to the Death Labs&#x97;what's the worst they can do? Kill me?\" You spend 5 credits to buy him a drink."

								(eq bestMessage 8)
									"You spend 5 credits while listening to a drunk woman: \"My sister-in-law was abducted by those filthy Sung. We finally got her released by buying her contract. I can't believe they allow slavery to exist. Hey, can you buy me a drink?\""

								(eq bestMessage 9)
									"You drink through 5 credits while talking to an attractive Sister: \"The Sisters of Domina believe in the power of transcendence, but we worship Domina because she brings life and beauty. Say, you're not a Penitent, are you? Good! The Penitents only care about power and death&#x97;Oracus controls them, you know.\""

								(eq bestMessage 10)
									"You spend 5 credits buying drinks for a mercenary. He talk about his encounters with the Xenophobes: \"The minute I see their green ships I turn tail&#x97;I'm not proud. And you shouldn't be either!\""

								(eq bestMessage 11)
									"A man dressed in an expensive suit talks to you: \"You look like you need some Tempus.\" You ignore him and spend 5 credits buying your own drinks."

								(eq bestMessage 12)
									(cat "You talk to a group of miners from " (objGetName bestStation) " who try to impress you with their knowledge of helium regolith market prices. You spend 5 credits on drinks.")

								(eq bestMessage 13)
									"A woman weeps softly as she tells her story: \"Our freighter strayed near an Abbasid outpost by mistake. They had no mercy&#x97;they just kept firing on us&#x97;the captain begged them to stop, but the blasts kept coming! Then our cabin got hit and my husband...\" She stares into space and says no more. You leave 5 credits for her drinks."

								"You spend 5 credits, but the drinks are weak."
								)
							)
						)
				</OnPaneInit>

				<Actions>
					<Action name="Leave" cancel="1" key="L">
						(scrShowScreen gScreen gPrevScreen gPrevPane)
					</Action>
				</Actions>

			</Story>

			<NoMoney desc="You hang around for a while, but you have no money to buy drinks.">
				<Actions>
					<Action name="Leave" cancel="1" key="L">
						(scrShowScreen gScreen gPrevScreen gPrevPane)
					</Action>
				</Actions>

			</NoMoney>

		</Panes>

	</DockScreen>

	<!-- Commonwealth Nightclub	-->

	<DockScreen UNID="&dsCommonwealthNightclub;"
			name=				"The Victorian Nightclub"
			nestedScreen=		"true"
			>

		<InitialPane>
			(switch
				(and (eq (objGetData gPlayerShip "blackMarketMission") "StK")
					(eq (sysGetName) "St. Katharine's Star")
					(objGetItems gPlayerShip "*U +SealedContainer;"))
					"DeliveryMission"

				(objGetItems gPlayerShip "*NU +Illegal; -ID; &lt;=#25")
					"Default"

				"Nothing"
				)
		</InitialPane>

		<Panes>
			<Default>
				<OnPaneInit>
					(scrSetDesc gScreen
						"You are in a large dance club where women and men dressed in leather and latex dance to classical music. "
						"A short, wide man in a long suit and an iron collar approaches you:\n\n"
						"\"I'm told that you are a %man% who can sell me what I need.\""
						)
				</OnPaneInit>

				<Actions>
					<Action name="&quot;I can sell you whatever you want.&quot;" default="1" key="S">
						(block Nil
							; Navigate to DealComplete so that we return here when sell
							; screen exits.
							
							(setq gResult 0)
							(scrShowPane gScreen "DealComplete")

							; Show sell screen
							
							(scrShowSellScreen
								(lambda (theItem)
									(switch
										(itmMatches theItem "*NU +Illegal; -ID; &lt;=#25;")
											(divide (multiply 150 (itmGetPrice theItem 'credit)) 100)
											
										Nil
										)
									)
								
								Nil						; obsolete
								
								'(
									"The Victorian Nightclub"
									10000
									)
								)
							)
					</Action>

					<Action name="&quot;I have no idea what you're talking about.&quot;" cancel="1" key="N">
						(block Nil
							(setq gResult 0)
							(scrShowPane gScreen "DealComplete")
							)
					</Action>
				</Actions>
			</Default>

			<DealComplete>
				<OnPaneInit>
					(switch
						(eq gResult 0)
							(scrSetDesc gScreen
								"\"Come back if you change your mind.\""
								)
								
						(scrSetDesc gScreen
							"The man takes the merchandise to a hidden hold in the back of the club.\n\n"
							"\"Come back if you get some more.\""
							)
						)
				</OnPaneInit>

				<Actions>
					<Action name="Leave" cancel="1" key="L">
						(scrExitScreen gScreen)
					</Action>
				</Actions>
			</DealComplete>

			<Nothing
				desc=	"You are in a large dance club where women and men dressed in leather and latex dance to classical music. Almost everyone here has the doe-eyed look common to those with an impaired nervous system. The heat and noise are oppressive and you choose not to stay long.">

				<Actions>
					<Action name="Leave" cancel="1" key="L">
						(scrExitScreen gScreen)
					</Action>
				</Actions>
			</Nothing>

			<DeliveryMission
				desc=	"You are in a large dance club where women and men dressed in leather and lace dance to classical music. A nondescript man dances next to you and whispers, &quot;I hope you have what I need.&quot;">

				<Actions>
					<Action name="&quot;Yes, I do.&quot;" key="Y">
						(block Nil
							(objRemoveItem gPlayerShip (itmCreate &itBlackMarketContainer; 1))
							(objSetData gPlayerShip "blackMarketMission" Nil)
							(objIncData gPlayerShip "blackMarketXP" 150)
							(scrShowPane gScreen "DeliveryComplete")
							)
					</Action>

					<Action name="&quot;I have no idea what you're talking about.&quot;" key="N">
						(scrExitScreen gScreen)
					</Action>
				</Actions>

			</DeliveryMission>

			<DeliveryComplete
				desc=	"The nondescript man follows you to your cargo hold and takes the sealed container. He smiles as he leaves, &quot;Say hello to Aubrey for me!&quot;">

				<Actions>
					<Action name="Leave" cancel="1" key="L">
						(scrExitScreen gScreen)
					</Action>
				</Actions>
			</DeliveryComplete>
		</Panes>
	</DockScreen>

	<!-- Commonwealth Station -->

	<DockScreen UNID="&dsCommonwealthStation;">

		<InitialPane>
			(if (objGetStaticData gSource "Info")
				"DefaultWithInfo"
				"Default"
				)
		</InitialPane>

		<Panes>
			<Default
					desc=	"You are in the outer docking level of a large station of the Commonwealth. A monorail terminal provides access to various points around the station.">

				<Actions>
					<Action name="Commodities Exchange" default="1" key="C">
						(scrShowScreen gScreen &dsRPGCommoditiesExchange; {
							checkMilitaryID: True
							})
					</Action>

					<Action name="Dock Services" key="D">
						(rpgDockServices gPlayerShip {
							checkMilitaryID: True
							})
					</Action>

					<Action name="Central Plaza" key="P">
						<ShowPane pane="CentralPlaza"/>
					</Action>

					<Action name="Undock" cancel="1" key="U">
						<Exit/>
					</Action>

				</Actions>

			</Default>

			<DefaultWithInfo
					desc=	"You are in the outer docking level of a large station of the Commonwealth. A monorail terminal provides access to various points around the station.">

				<Actions>
					<Action name="Information" key="I">
						<ShowPane pane="Information"/>
					</Action>

					<Action name="Commodities Exchange" default="1" key="C">
						(scrShowScreen gScreen &dsRPGCommoditiesExchange; {
							checkMilitaryID: True
							})
					</Action>

					<Action name="Dock Services" key="D">
						(rpgDockServices gPlayerShip {
							checkMilitaryID: True
							})
					</Action>

					<Action name="Central Plaza" key="P">
						<ShowPane pane="CentralPlaza"/>
					</Action>

					<Action name="Undock" cancel="1" key="U">
						<Exit/>
					</Action>

				</Actions>

			</DefaultWithInfo>

			<CentralPlaza
					desc=	"You are in the central hub of this station, a busy area where trendy shops mix with high-end residences.">

				<Actions>
					<Action name="Trafalgar Pub" key="P">
						(block Nil
							(setq gPrevScreen &dsCommonwealthStation;)
							(setq gPrevPane "CentralPlaza")
							(scrShowScreen gScreen &dsCommonwealthPub;)
							)
					</Action>

					<Action name="The Victorian Nightclub" imageIndex="0" key="V">
						(scrShowScreen gScreen &dsCommonwealthNightclub;)
					</Action>

					<Action name="Done" cancel="1" key="D">
						<Navigate screen="&dsCommonwealthStation;"/>
					</Action>
				</Actions>

			</CentralPlaza>

			<Information
					desc=	"=(objGetStaticData gSource &quot;Info&quot;)">

				<Actions>
					<Action name="Tourist Information" key="T">
						<ShowPane pane="TouristInfo"/>
					</Action>

					<Action name="Corporate Information" key="C">
						<ShowPane pane="CorporateInfo"/>
					</Action>

					<Action name="Travel Information" key="v">
						<ShowPane pane="TravelInfo"/>
					</Action>

					<Action name="Safety Information" key="S">
						<ShowPane pane="SafetyInfo"/>
					</Action>

					<Action name="Fun Facts" key="F">
						<ShowPane pane="FunInfo"/>
					</Action>

					<Action name="Done" key="D" cancel="1">
						<ShowPane pane="DefaultWithInfo"/>
					</Action>
				</Actions>

			</Information>

			<TouristInfo
					desc=	"=(objGetStaticData gSource &quot;TouristInfo&quot;)">

				<Actions>
					<Action name="Done" key="D" cancel="1">
						<ShowPane pane="Information"/>
					</Action>
				</Actions>
			</TouristInfo>

			<CorporateInfo
					desc=	"=(objGetStaticData gSource &quot;CorporateInfo&quot;)">

				<Actions>
					<Action name="Done" key="D" cancel="1">
						<ShowPane pane="Information"/>
					</Action>
				</Actions>
			</CorporateInfo>

			<TravelInfo
					desc=	"=(objGetStaticData gSource &quot;TravelInfo&quot;)">

				<Actions>
					<Action name="Done" key="D" cancel="1">
						<ShowPane pane="Information"/>
					</Action>
				</Actions>
			</TravelInfo>

			<SafetyInfo
					desc=	"=(objGetStaticData gSource &quot;SafetyInfo&quot;)">

				<Actions>
					<Action name="Done" key="D" cancel="1">
						<ShowPane pane="Information"/>
					</Action>
				</Actions>
			</SafetyInfo>

			<FunInfo>
				<OnPaneInit>
					(scrSetDesc gScreen (random (objGetStaticData gSource "FunFacts")))
				</OnPaneInit>

				<Actions>
					<Action name="More Fun Facts" key="F" default="1">
						<ShowPane pane="FunInfo"/>
					</Action>

					<Action name="Done" key="D" cancel="1">
						<ShowPane pane="Information"/>
					</Action>
				</Actions>
			</FunInfo>

		</Panes>

	</DockScreen>

<!-- RESOURCES -->

	<Image UNID="&rsCommonwealthMetropolis;"	bitmap="Resources\CommonwealthMetropolis.jpg" bitmask="Resources\CommonwealthMetropolisMask.bmp"  loadOnUse="true"/>
	<Image UNID="&rsCommonwealthMetropolisArmored;"	bitmap="Resources\CommonwealthMetropolisArmored.jpg" bitmask="Resources\CommonwealthMetropolisArmoredMask.bmp"  loadOnUse="true"/>
	
</TranscendenceModule>
