<?xml version="1.0" encoding="utf-8"?>

<TranscendenceModule>
	
<!-- DEFAULT HIT EFFECTS =======================================================

	These effects are used when a weapon hits a target. The variant value is
	the number of hit points of damage caused to the target (after adjusting for
	shields, armor, etc.)
	
	There is one effect for each damage type. Each of the effects has several 
	variants depending on the amount of damage done. The first variant is the
	effect to display when a weapon does no damage.
	
	A weapon may override these effects by provinding a specific <HitEffect>.
	
-->

	<EffectType unid="&efLaserHitDefault;"
			 sound="&snArmorHit1;"
			>
		<Effect>
			<Orb	style=			"flare"
					animate=		"fade"
					blendMode=		"screen"
					>
				<Events>
					<GetParameters>
						(block (
							(damageHP (@ gData 'damageHP))
							(weaponHP (@ gData 'averageDamageHP))
							(laserColor (coreCalcLaserColor weaponHP))
							)
							
							{
								radius: (if (= damageHP 0) 6 (mathScale damageHP 2 30 20 60 50))
								lifetime: (if (= damageHP 0) 4 (mathScale damageHP 2 30 8 16 50))
								intensity: (if (= damageHP 0) 0 (mathScale damageHP 2 30 25 50 50))
								primaryColor: (@ laserColor 'primaryColor)
								secondaryColor: (@ laserColor 'secondaryColor)
								
								noSound: (= damageHP 0)
								}
							)
					</GetParameters>
				</Events>
			</Orb>
		</Effect>
		
		<!--
		<Events>
			<GetParameters>
				(block (
					(damageHP (@ gData 'damageHP))
					(weaponHP (@ gData 'averageDamageHP))
					(laserColor (coreCalcLaserColor weaponHP))
					)
					
					{
						effects: (list {
							{
								sfx: "orb"
							
								style: "flare"
								animate: "fade"
							
								radius: (if (= damageHP 0) 6 (mathScale damageHP 2 30 20 60 50))
								lifetime: (if (= damageHP 0) 4 (mathScale damageHP 2 30 8 16 50))
								intensity: (if (= damageHP 0) 0 (mathScale damageHP 2 30 25 50 50))
								primaryColor: (@ laserColor 'primaryColor)
								secondaryColor: (@ laserColor 'secondaryColor)
								}
							)
							
						noSound: (= damageHP 0)
						}
					)
			</GetParameters>
		</Events>
		-->
	</EffectType>

	<EffectType UNID="&efKineticHitDefault;"
			 sound="&snArmorHit1;"
			>
		<Effect>
			<ParticleJet
					emitRate=			"20"
					emitSpeed=			"10-20"
					emitLifetime=		"5"
					particleLifetime=	"2-4"
					spreadAngle=		"30"
					lifetime=			"15"
					xformRotation=		"180"
					>
				<ParticleEffect>
					<Particle
							style=			"plain"
							minWidth=		"1"
							maxWidth=		"3"
							primaryColor=	"#fff4cc"
							secondaryColor=	"#667b80"
							/>
				</ParticleEffect>
				
				<Events>
					<GetParameters>
						(block (
							(damageHP (@ gData 'damageHP))
							(objHit (@ gData 'objHit))
							(scale (objGetProperty objHit 'scale))
							)
							
							;	No particle jet if there is no damage or if
							;	we've hit a world/star. Also, we don't skip 
							;	abandoned stations, since they create their own
							;	ejacta.
							
							(if (or (= damageHP 0)
									(= scale 'star)
									(= scale 'world)
									(objGetProperty objHit 'abandoned)
									)
								{
									emitRate: 0
									}
									
								{
									emitRate: (mathScale damageHP 2 30 10 60 50)
									}
								)
							)
					</GetParameters>
				</Events>
			</ParticleJet>

			<Orb	style=			"flare"
					animate=		"fade"
					
					blendMode=		"screen"
					primaryColor=	"#ccf7ff"
					secondaryColor=	"#667b80"
					>
				<Events>
					<GetParameters>
						(block (
							(damageHP (@ gData 'damageHP))
							)
							
							{
								radius: (if (= damageHP 0) 6 (mathScale damageHP 2 30 20 60 50))
								lifetime: (if (= damageHP 0) 4 (mathScale damageHP 2 30 8 16 50))
								intensity: (if (= damageHP 0) 0 (mathScale damageHP 2 30 25 50 50))
								}
							)
					</GetParameters>
				</Events>
			</Orb>
		</Effect>
				
		<Events>
			<GetParameters>
				(block (
					(damageHP (@ gData 'damageHP))
					)
							
					{
						noSound: (= damageHP 0)
						}
					)
			</GetParameters>
		</Events>
	</EffectType>

	<EffectType UNID="&efParticleHitDefault;"
			sound="&snArmorHit1;"
			>
		<Effect>
			<Orb	style=			"diffraction"
					animate=		"fade"
					intensity=		"50"
					
					blendMode=		"screen"
					primaryColor=	"#65ff2c"
					secondaryColor=	"#808417"
					>
				<Events>
					<GetParameters>
						(block (
							(damageHP (@ gData 'damageHP))
							)
							
							{
								radius: (if (= damageHP 0) 10 (mathScale damageHP 5 64 30 70 50))
								lifetime: (if (= damageHP 0) 4 (mathScale damageHP 5 64 12 48 50))
								
								noSound: (= damageHP 0)
								}
							)
					</GetParameters>
				</Events>
			</Orb>
		</Effect>
	</EffectType>
	
	<EffectType unid="&efBlastHitDefault;"
			sound="&snArmorHit1;"
			>
		<Effect>
			<Orb	style=			"fireblast"
					animate=		"explode"
					
					blendMode=		"normal"
					primaryColor=	"#ffd200"
					secondaryColor=	"#ff2a00"
					>
				<Events>
					<GetParameters>
						(block (
							(damageHP (@ gData 'damageHP))
							(weaponUNID (@ gData 'weaponUNID))
							)
							
							{
								radius: (if (= damageHP 0) 10 (mathScale damageHP 5 64 30 70 50))
								lifetime: (if (= damageHP 0) 4 (mathScale damageHP 5 64 12 48 50))
								primaryColor: (resColorBlend "#ffcf00" "#ffa200" (seededRandom weaponUNID 0 255))
								
								intensity: (seededRandom weaponUNID 50 100)
								distortion: (mathScale damageHP 5 64 60 30 100)
								detail: (seededRandom weaponUNID 20 40)
								}
							)
					</GetParameters>
				</Events>
			</Orb>
			
			<Orb	style=			"smooth"
					animate=		"fade"
					
					blendMode=		"screen"
					primaryColor=	"#fffff0"
					secondaryColor=	"#ffed99"
					>
				<Events>
					<GetParameters>
						(block (
							(damageHP (@ gData 'damageHP))
							)
							{
								radius: (if (= damageHP 0) 10 (mathScale damageHP 5 64 20 50 50))
								lifetime: (if (= damageHP 0) 4 (mathScale damageHP 5 64 6 24 50))
								intensity: (seededRandom weaponUNID 50 100)
								}
							)
					</GetParameters>
				</Events>
			</Orb>
		</Effect>
		
		<Events>
			<GetParameters>
				(block (
					(damageHP (@ gData 'damageHP))
					)
							
					{
						noSound: (= damageHP 0)
						}
					)
			</GetParameters>
		</Events>
	</EffectType>
	
	<EffectType unid="&efRadioactiveHitEffect;"
			sound="&snArmorHit1;"
			>
		<Effect>
			<Orb	style=			"fireblast"
					animate=		"explode"
					
					blendMode=		"screen"
					primaryColor=	"#00ff2b"
					secondaryColor=	"#008015"
					>
				<Events>
					<GetParameters>
						(block (
							(damageHP (@ gData 'damageHP))
							(weaponUNID (@ gData 'weaponUNID))
							)
							
							{
								radius: (if (= damageHP 0) 10 (mathScale damageHP 5 64 40 90 50))
								lifetime: (if (= damageHP 0) 4 (mathScale damageHP 5 64 12 48 50))
								
								intensity: (seededRandom weaponUNID 50 70)
								distortion: (mathScale damageHP 5 64 50 0 100)
								detail: (seededRandom weaponUNID 20 25)
								
								noSound: (= damageHP 0)
								}
							)
					</GetParameters>
				</Events>
			</Orb>
		</Effect>
	</EffectType>
	
	<EffectType UNID="&efIonHitDefault;"
			sound="&snArmorHit1;"
			>
		<Effect>
			<Orb	style=			"diffraction"
					animate=		"fade"
					intensity=		"50"
					
					blendMode=		"screen"
					primaryColor=	"#a0f0ff"
					secondaryColor=	"#00a9ff"
					>
				<Events>
					<GetParameters>
						(block (
							(damageHP (@ gData 'damageHP))
							)
							
							{
								radius: (if (= damageHP 0) 10 (mathScale damageHP 10 140 30 70 50))
								lifetime: (if (= damageHP 0) 4 (mathScale damageHP 10 140 12 48 50))
								}
							)
					</GetParameters>
				</Events>
			</Orb>
			
			<ParticleSystem
					style=			"radiate"
					emitSpeed=		"4-8"
					particleLifetime="8"
					>
				<ParticleEffect>
					<Particle
							style=			"plain"
							minWidth=		"1"
							maxWidth=		"3"
							primaryColor=	"#a0f0ff"
							secondaryColor=	"#00a9ff"
							/>
				</ParticleEffect>
				
				<Events>
					<GetParameters>
						(block (
							(damageHP (@ gData 'damageHP))
							)
							
							{
								lifetime: (if (= damageHP 0) 10 (mathScale damageHP 10 140 12 48 50))
								emitRate: (mathScale damageHP 10 140 50 200 50)
								emitLifetime: (if (= damageHP 0) 2 (mathScale damageHP 10 140 6 24 50))
								}
							)
					</GetParameters>
				</Events>
			</ParticleSystem>
		</Effect>
		
		<Events>
			<GetParameters>
				(block (
					(damageHP (@ gData 'damageHP))
					)
							
					{
						noSound: (= damageHP 0)
						}
					)
			</GetParameters>
		</Events>
	</EffectType>
	
	<EffectType unid="&efThermoHitDefault;"
			sound="&snArmorHit1;"
			>
		<Effect>
			<Orb	style=			"fireblast"
					animate=		"explode"
					
					blendMode=		"screen"
					primaryColor=	"#ffaa00"
					secondaryColor=	"#d92400"
					>
				<Events>
					<GetParameters>
						(block (
							(damageHP (@ gData 'damageHP))
							(weaponUNID (@ gData 'weaponUNID))
							)
							{
								radius: (if (= damageHP 0) 10 (mathScale damageHP 10 200 30 140 50))
								lifetime: (if (= damageHP 0) 4 (mathScale damageHP 10 200 24 60 50))
								primaryColor: (resColorBlend "#ffcf00" "#ffa200" (seededRandom weaponUNID 0 255))
								
								intensity: (seededRandom weaponUNID 50 100)
								distortion: (mathScale damageHP 10 200 20 0 100)
								detail: (seededRandom weaponUNID 30 60)
								}
							)
					</GetParameters>
				</Events>
			</Orb>
			
			<Orb	style=			"flare"
					animate=		"fade"
					
					blendMode=		"screen"
					primaryColor=	"#fffff0"
					secondaryColor=	"#fff2d4"
					>
				<Events>
					<GetParameters>
						(block (
							(damageHP (@ gData 'damageHP))
							)
							{
								radius: (if (= damageHP 0) 0 (mathScale damageHP 10 200 60 140 50))
								lifetime: (if (= damageHP 0) 4 (mathScale damageHP 10 200 12 30 50))
								intensity: (if (= damageHP 0) 0 (mathScale damageHP 10 200 25 60 50))
								}
							)
					</GetParameters>
				</Events>
			</Orb>
		</Effect>
		
		<Events>
			<GetParameters>
				(block (
					(damageHP (@ gData 'damageHP))
					)
					{
						noSound: (= damageHP 0)
						}
					)
			</GetParameters>
		</Events>
	</EffectType>
	
	<EffectType UNID="&efPositronHitDefault;"
			sound="&snArmorHit1;"
			>
		<Effect>
			<Orb	style=			"flare"
					animate=		"fade"
					intensity=		"50"
					
					blendMode=		"screen"
					primaryColor=	"#f9ffb3"
					secondaryColor=	"#806a00"
					>
				<Events>
					<GetParameters>
						(block (
							(damageHP (@ gData 'damageHP))
							)
							
							{
								radius: (if (= damageHP 0) 10 (mathScale damageHP 20 300 30 100 50))
								lifetime: (if (= damageHP 0) 4 (mathScale damageHP 20 300 12 48 50))
								}
							)
					</GetParameters>
				</Events>
			</Orb>
			
			<ParticleSystem
					style=			"radiate"
					emitSpeed=		"4-8"
					particleLifetime="8"
					>
				<ParticleEffect>
					<Particle
							style=			"plain"
							minWidth=		"1"
							maxWidth=		"3"
							primaryColor=	"#f9ffb3"
							secondaryColor=	"#806a00"
							/>
				</ParticleEffect>
				
				<Events>
					<GetParameters>
						(block (
							(damageHP (@ gData 'damageHP))
							)
							
							{
								lifetime: (if (= damageHP 0) 10 (mathScale damageHP 20 300 12 48 50))
								emitRate: (mathScale damageHP 20 300 50 200 50)
								emitLifetime: (if (= damageHP 0) 2 (mathScale damageHP 20 300 6 24 50))
								}
							)
					</GetParameters>
				</Events>
			</ParticleSystem>
		</Effect>
		
		<Events>
			<GetParameters>
				(block (
					(damageHP (@ gData 'damageHP))
					)
							
					{
						noSound: (= damageHP 0)
						}
					)
			</GetParameters>
		</Events>
	</EffectType>
	
	<EffectType UNID="&efPlasmaHitDefault;"
			sound="&snArmorHit1;"
			>
		<Effect>
			<Orb	style=			"smooth"
					animate=		"fade"
					intensity=		"30"
					
					blendMode=		"screen"
					primaryColor=	"#feff00"
					secondaryColor=	"#ff7f00"
					>
				<Events>
					<GetParameters>
						(block (
							(damageHP (@ gData 'damageHP))
							)
							{
								radius: (if (= damageHP 0) 10 (mathScale damageHP 20 300 50 100 50))
								lifetime: (if (= damageHP 0) 4 (mathScale damageHP 20 300 24 60 50))
								}
							)
					</GetParameters>
				</Events>
			</Orb>
			
			<ParticleSystem
					style=				"radiate"
					emitLifetime=		"1"
					emitSpeed=			"10-20"
					>
				<ParticleEffect>
					<Orb
							instance=			"owner"
						
							style=				"smooth"
							animate=			"fade"
							radius=				"10"
							intensity=			"20"
						
							blendMode=			"screen"
							primaryColor=		"#feff00"
							secondaryColor=		"#ff7f00"
							>
						<Events>
							<GetParameters>
								(block (
									(damageHP (@ gData 'damageHP))
									)
									{
										lifetime: (mathScale damageHP 20 300 12 30 50)
										}
									)
							</GetParameters>
						</Events>
					</Orb>
				</ParticleEffect>
				
				<Events>
					<GetParameters>
						(block (
							(damageHP (@ gData 'damageHP))
							)
							{
								emitRate: (mathScale damageHP 20 300 30 100 50)
								particleLifetime: (mathScale damageHP 20 300 12 30 50)
								}
							)
					</GetParameters>
				</Events>
			</ParticleSystem>
		</Effect>
		
		<Events>
			<GetParameters>
				(block (
					(damageHP (@ gData 'damageHP))
					)
					{
						noSound: (= damageHP 0)
						}
					)
			</GetParameters>
		</Events>
	</EffectType>
	
	<EffectType UNID="&efAntimatterHitDefault;"
			sound="&snArmorHit1;"
			>
		<Effect>
			<Orb	style=			"smooth"
					animate=		"fade"
					intensity=		"30"
					
					blendMode=		"screen"
					primaryColor=	"#fbffcc"
					secondaryColor=	"#ffe566"
					>
				<Events>
					<GetParameters>
						(block (
							(damageHP (@ gData 'damageHP))
							)
							{
								radius: (if (= damageHP 0) 10 (mathScale damageHP 50 680 50 120 50))
								lifetime: (if (= damageHP 0) 4 (mathScale damageHP 50 680 24 60 50))
								}
							)
					</GetParameters>
				</Events>
			</Orb>
			
			<ParticleSystem
					style=				"radiate"
					emitLifetime=		"1"
					emitSpeed=			"10-20"
					>
				<ParticleEffect>
					<Orb
							instance=			"owner"
						
							style=				"smooth"
							animate=			"fade"
							radius=				"10"
							intensity=			"20"
						
							blendMode=			"screen"
							primaryColor=		"#fbffcc"
							secondaryColor=		"#ffe566"
							>
						<Events>
							<GetParameters>
								(block (
									(damageHP (@ gData 'damageHP))
									)
									{
										lifetime: (mathScale damageHP 50 680 12 30 50)
										}
									)
							</GetParameters>
						</Events>
					</Orb>
				</ParticleEffect>
				
				<Events>
					<GetParameters>
						(block (
							(damageHP (@ gData 'damageHP))
							)
							{
								emitRate: (mathScale damageHP 50 680 30 100 50)
								particleLifetime: (mathScale damageHP 50 680 12 30 50)
								}
							)
					</GetParameters>
				</Events>
			</ParticleSystem>
		</Effect>
		
		<Events>
			<GetParameters>
				(block (
					(damageHP (@ gData 'damageHP))
					)
					{
						noSound: (= damageHP 0)
						}
					)
			</GetParameters>
		</Events>
	</EffectType>
	
	<EffectType UNID="&efNanoHitDefault;"
			sound="&snArmorHit1;"
			>
		<Effect>
			<Orb	style=			"flare"
					animate=		"fade"
					intensity=		"50"
					
					blendMode=		"screen"
					primaryColor=	"#fff1e3"
					secondaryColor=	"#ffcc99"
					>
				<Events>
					<GetParameters>
						(block (
							(damageHP (@ gData 'damageHP))
							)
							
							{
								radius: (if (= damageHP 0) 10 (mathScale damageHP 50 680 30 70 50))
								lifetime: (if (= damageHP 0) 4 (mathScale damageHP 50 680 6 24 50))
								noSound: (= damageHP 0)
								}
							)
					</GetParameters>
				</Events>
			</Orb>
		</Effect>
	</EffectType>
	
<!-- GLOBALS -->

	<Globals>
		(block Nil
			(setq coreCalcLaserColor (lambda (damageHP)
				(switch
					(geq damageHP 15)
						{
							primaryColor: "#D500FF"
							secondaryColor: "#6A00FF"
							}
							
					(geq damageHP 7)
						{
							primaryColor: "#55FF00"
							secondaryColor: "#2A8000"
							}

					(geq damageHP 4)
						{
							primaryColor: "#FF5500"
							secondaryColor: "#802A00"
							}

					{
						primaryColor: "#FF0000"
						secondaryColor: "#800000"
						}
					)
				))
			)
	</Globals>
	
</TranscendenceModule>
