<?xml version="1.0" encoding="utf-8"?>

<TranscendenceModule>
	
	<!-- Ringers Collective -->

	<StationType UNID="&stRingersCollective;"
			name=				"Ringers collective"
			sovereign=			"&svRingers;"
			inherit=			"&baRingersStation;"
				 
			dockScreen=			"Main"
			abandonedScreen=	"&dsAbandonedStation;"
			canAttack=			"true"

			multiHull=			"true"
			armorID=			"&itDiamondLatticeArmor;"
			hitPoints=			"850"
			regen=              "3.4"
			fireRateAdj=		"10"
			explosionType=		"&vtThermoExplosion2;"
			ejectaType=			"&vtWreckEjecta;"

			attributes=			"envEarth, envAvoidsAir, friendly, generic, independent, majorStation, neoHuman, populated, ringers"
			levelFrequency=		"----- rcurv ----- ----- -----"
			locationCriteria=	"+outerSystem, +ringedGiant|+100"
			enemyExclusionRadius="50"
			>

		<Image			imageID="&rsStations6;" imageX="0" imageY="256" imageWidth="160" imageHeight="192"/>

		<Ships>
			<Lookup count="1" table="&tbCommEliteDefenders;"/>
			<Lookup count="1d3" table="&tbCommPrivateCrafts;"/>
			<Ship chance="50"	count="1" class="&scFerianMiner;" orders="gateOnThreat"/>
		</Ships>

		<Devices>
			<Device deviceID="&itPositronLancer;" omnidirectional="true" posAngle="0" posRadius="40"/>
			<Device deviceID="&itPositronLancer;" omnidirectional="true" posAngle="120" posRadius="40"/>
			<Device deviceID="&itPositronLancer;" omnidirectional="true" posAngle="240" posRadius="40"/>
		</Devices>

		<Items>
			<RandomItem count="1d12" 
					criteria=		"* +Meds; -Illegal; -NotStandard; -NotForSale;"
					levelFrequency=	"systemLevel:ruc|u|r"
					/>

			<RandomItem count="1d4" 
					criteria=		"w -NotStandard; -NotForSale;"
					levelFrequency=	"systemLevel:ru|c|ur"
					/>

			<RandomItem count="1d4" 
					criteria=		"d~w -NotStandard; -NotForSale;"
					levelFrequency=	"systemLevel:ru|c|ur"
					/>

			<RandomItem count="1d8" 
					criteria=		"a -NotStandard; -NotForSale;"
					levelFrequency=	"systemLevel:r|u|cur"
					/>

			<RandomItem count="1d4" 
					criteria=		"u -NotStandard; -NotForSale;"
					levelFrequency=	"systemLevel:ru|c|ur"
					/>

			<RandomItem count="2d12" 
					criteria=		"f -NotStandard; -NotForSale;"
					levelFrequency=	"systemLevel:ru|c|ur"
					/>

			<Item				count="4d12"	item="&itEuropanIceMoss;" />
			<Item				count="1d12"	item="&itEuropanIceVodka;" />

			<Table>
				<Null chance="57"/>
				<RandomItem chance="37" count="1"	criteria="u +HaloGem; -NotStandard;"	levelFrequency="----- -ccur"/>
				<RandomItem chance="6"	count="2"	criteria="u +HaloGem; -NotStandard;"	levelFrequency="----- -ccur"/>
			</Table>

			<Item chance="50"	count="1"		item="&itPlasmaTorch;" />
		</Items>
		
		<Trade currency="rin" max="100000" replenish="5000">
			<Sell	criteria="*NU +RingerValuable;"		priceAdj="550"/>
			<Sell	criteria="*NU -ID;"					priceAdj="100"/>
			<Buy	criteria="*NU +RingerValuable;"		priceAdj="500"/>
			<Buy	criteria="*NU +Res; &gt;=4;"		priceAdj="65"/>
		</Trade>

		<Reinforcements minShips="3">
			<Table>
				<Lookup chance="20" table="&tbCommDefenders;"/>
				<Lookup chance="60" table="&tbCommPrivateCrafts;"/>
				<Ship   chance="20"	class="&scFerianMiner;" orders="gateOnThreat"/>
			</Table>
		</Reinforcements>

		<DockScreens>
			<Main>
				<Panes>
					<Default
							desc=	"You are docked at a Ringers Collective. Ringer neo-humans float through the vast volume of the station, perfectly adapted to zero-gravity and space.">

						<Actions>
							<Action name="Exchange" default="1" key="E">
								(if (gr (objGetBalance gPlayerShip 'rin) 0)
									(scrShowPane gScreen "Exchange")
									(scrShowPane gScreen "ExchangeIntro")
									)
							</Action>

							<Action name="Undock" cancel="1" key="U">
								<Exit/>
							</Action>

						</Actions>

					</Default>

					<Exchange
							desc=	"The central structure of the Ringers Collective is a large marketplace containing sophisticated and rare devices from all over Human Space. Commonwealth credits are not accepted here.">

						<Actions>
							<Action name="Buy Items" default="1" key="B">
								(scrShowScreen gScreen &dsRPGCommoditiesExchangeBuy; {
									checkMilitaryID: Nil
									showInstallables: True
									})
							</Action>

							<Action name="Sell Items" key="S">
								(scrShowScreen gScreen &dsRPGCommoditiesExchangeSell; {
									})
							</Action>

							<Action name="Done" cancel="1" key="D">
								<ShowPane pane="Default"/>
							</Action>

						</Actions>
					</Exchange>

					<ExchangeIntro
							desc=	"As you enter the main Exchange, a greeter scans you and says,\n\n&quot;Earthican, welcome. Your account balance is 0 rin. Collective does not seek Commonwealth credits. Collective seeks rare and powerful ores and substances. Bring here.&quot;">

						<Actions>
							<Action name="Continue" cancel="1" default="1" key="C">
								(scrShowPane gScreen "Exchange")
							</Action>

						</Actions>
					</ExchangeIntro>

				</Panes>
			</Main>

		</DockScreens>

		<DockingPorts>
			<Port x="66"	y="94" />
			<Port x="-66"	y="94" />
			<Port x="107"	y="30" />
			<Port x="-107"	y="30" />
			<Port x="86"	y="-34" />
			<Port x="-86"	y="-34" />
			<Port x="39"	y="-72" />
			<Port x="-39"	y="-72" />
		</DockingPorts>
	</StationType>

	<!-- Ringer Shipyard -->

	<StationType UNID="&stRingerShipyard;"
			name=				"Ringer shipyard"
			sovereign=			"&svRingers;"
			inherit=			"&baRingersStation;"
				 
			dockScreen=			"Main"
			abandonedScreen=	"&dsAbandonedStation;"
			canAttack=			"true"

			multiHull=			"true"
			armorID=			"&itDiamondLatticeArmor;"
			hitPoints=			"1800"
			regen=              "5.5"
			fireRateAdj=		"10"
			explosionType=		"&vtThermoExplosion4;"
			ejectaType=			"&vtWreckEjecta;"

			attributes=			"envEarth, envAvoidsAir, friendly, generic, independent, majorStation, neoHuman, populated, ringers"
			levelFrequency=		"----- -ruur ----- ----- -----"
			locationCriteria=	"+outerSystem, +ringedGiant|+100"
			enemyExclusionRadius="100"
			>

		<Image			imageID="&rsStations7;" imageX="0" imageY="1024" imageWidth="256" imageHeight="256"/>

		<Ships>
			<Lookup count="1d2" table="&tbCommEliteDefenders;"/>
			<Lookup count="1d3" table="&tbCommPrivateCrafts;"/>
			<Ship chance="50"	count="1" class="&scFerianMiner;" orders="gateOnThreat"/>
		</Ships>

		<Devices>
			<Device deviceID="&itPositronLancer;" omnidirectional="true" posAngle="0" posRadius="40"/>
			<Device deviceID="&itPositronLancer;" omnidirectional="true" posAngle="120" posRadius="40"/>
			<Device deviceID="&itPositronLancer;" omnidirectional="true" posAngle="240" posRadius="40"/>
		</Devices>

		<Items>
			<RandomItem count="1d4" criteria="r -illegal; -notForSale; -notStandard; L:7-9;"		levelFrequency="systemLevel:ru|c|curv"/>
			
			<RandomItem count="1d4" 
					criteria=		"w L:1-10; -NotStandard; -NotForSale;"
					levelFrequency=	"systemLevel:ru|c|ur"
					/>

			<RandomItem count="1d8" 
					criteria=		"d~w L:1-10; -NotStandard; -NotForSale;"
					levelFrequency=	"systemLevel:ruc|u|r"
					/>

			<RandomItem count="1d8" 
					criteria=		"a L:1-10; -NotStandard; -NotForSale;"
					levelFrequency=	"systemLevel:r|u|cur"
					/>

			<RandomItem count="4d12" 
					criteria=		"f -NotStandard; -NotForSale;"
					levelFrequency=	"systemLevel:ru|c|ur"
					/>

			<Item				count="1"		item="&itPlasmaTorch;" />
		</Items>

		<Trade currency="rin" max="100000" replenish="5000">
			<Sell	criteria="*NU +RingerValuable;"		priceAdj="550"/>
			<Sell	criteria="*NU -ID;"					priceAdj="100"/>
			<Buy	criteria="*NU +RingerValuable;"		priceAdj="500"/>
			<Buy	criteria="*NU +Res; &gt;=4;"		priceAdj="65"/>
			
			<Refuel			criteria="f +BasicFuel; L:1-9;" priceAdj="85"/>
			<RepairArmor	criteria="a L:1-12;" priceAdj="100"/>
			<ReplaceArmor	criteria="a L:1-12;" priceAdj="100"/>
			<InstallDevice	criteria="w L:1-10" priceAdj="200"/>
			<InstallDevice	criteria="d~w L:1-10;" priceAdj="100"/>
			<RemoveDevice	criteria="d L:1-10;" priceAdj="100"/>
		</Trade>

		<Reinforcements minShips="3">
			<Table>
				<Lookup chance="20" table="&tbCommDefenders;"/>
				<Lookup chance="60" table="&tbCommPrivateCrafts;"/>
				<Ship   chance="20"	class="&scFerianMiner;" orders="gateOnThreat"/>
			</Table>
		</Reinforcements>

		<DockScreens>
			<Main>
				<Panes>
					<Default
							desc=	"You are docked at a Ringer Shipyard. Ringer neo-humans float through the vast volume of the station, perfectly adapted to zero-gravity and space.">

						<Actions>
							<Action name="Exchange" default="1" key="E">
								(if (gr (objGetBalance gPlayerShip 'rin) 0)
									(scrShowPane gScreen "Exchange")
									(scrShowPane gScreen "ExchangeIntro")
									)
							</Action>

							<Action name="Dock Services" default="1" key="D">
								(if (gr (objGetBalance gPlayerShip 'rin) 0)
									(rpgDockServices gPlayerShip {
										checkMilitaryID: Nil
										})
									(scrShowPane gScreen "DockServicesGreeter")
									)
							</Action>

							<Action name="Undock" cancel="1" key="U">
								<Exit/>
							</Action>

						</Actions>
					</Default>

					<Exchange
							desc=	"The central structure of the Ringer Shipyard is a large marketplace containing sophisticated and rare devices from all over Human Space. Commonwealth credits are not accepted here.">

						<Actions>
							<Action name="Buy Items" default="1" key="B">
								(scrShowScreen gScreen &dsRPGCommoditiesExchangeBuy; {
									checkMilitaryID: Nil
									})
							</Action>

							<Action name="Sell Items" key="S">
								(scrShowScreen gScreen &dsRPGCommoditiesExchangeSell; {
									})
							</Action>

							<Action name="Done" cancel="1" key="D">
								<ShowPane pane="Default"/>
							</Action>

						</Actions>
					</Exchange>

					<ExchangeIntro
							desc=	"As you enter the main Exchange, a greeter scans you and says,\n\n&quot;Earthican, welcome. Your account balance is 0 rin. Collective does not seek Commonwealth credits. Collective seeks rare and powerful ores and substances. Bring here.&quot;">

						<Actions>
							<Action name="Continue" cancel="1" default="1" key="C">
								(scrShowPane gScreen "Exchange")
							</Action>

						</Actions>
					</ExchangeIntro>

					<DockServicesGreeter
							desc=	"As you enter the shipyard, a greeter scans you and says,\n\n&quot;Earthican, welcome. Your account balance is 0 rin. Collective does not seek Commonwealth money.&quot;">

						<Actions>
							<Action name="Continue" cancel="1" default="1" key="C">
								(block Nil
									(scrShowPane gScreen "Default")
									
									(rpgDockServices gPlayerShip {
										checkMilitaryID: Nil
										})
									)
							</Action>

						</Actions>
					</DockServicesGreeter>
				</Panes>
			</Main>

		</DockScreens>

		<DockingPorts>
			<Port x="0"		y="128" />
			<Port x="90"	y="100" />
			<Port x="-90"	y="100" />
			<Port x="140"	y="30" />
			<Port x="-140"	y="30" />
			<Port x="140"	y="-70" />
			<Port x="-140"	y="-70" />
			<Port x="58"	y="-138" />
			<Port x="-58"	y="-138" />
		</DockingPorts>
	</StationType>

<!-- LEVEL X ITEMS -->

	<!-- Positron lancer -->

	<ItemType UNID="&itPositronLancer;"
			name=				"positron lancer"
			level=				"10"
			value=				"260000"
			mass=				"2500"
			frequency=			"rare"
			attributes=			"EnergyWeapon; Military; MajorItem; Ringers"

			description=		"This Ringer weapon fires a steady stream of high-energy positrons."
			>

		<Image imageID="&rsItems10;" imageX="192" imageY="0" imageWidth="96" imageHeight="96"/>

		<Weapon
				type=				"beam"

				repeating=			"4"
				damage=				"positron:2d8"
				fireRate=			"20"
				lifetime=			"60"
				powerUse=			"3000"

				sound=				"&snLaserCannon;"
				>

			<Effect>
				<ParticleComet
						length=			"80"
						
						primaryColor=	"#f9ffb3"
						>
					<Events>
						<GetParameters>
							(block (
								(damageHP (@ gData 'damageHP))
								)

								{
									particleCount: (mathScale damageHP 20 300 100 300 50)
									width: (mathScale damageHP 20 300 10 20 50)
									}
								)
						</GetParameters>
					</Events>
				</ParticleComet>
				<Ray
						style=			"smooth"
						shape=			"oval"
						length=			"70"
						intensity=		"60"
						
						primaryColor=	"#f9ffb3"
						secondaryColor=	"#806a00"
						>
					<Events>
						<GetParameters>
							(block (
								(damageHP (@ gData 'damageHP))
								)
								{
									width: (mathScale damageHP 20 300 15 30 50)
									}
								)
						</GetParameters>
					</Events>
				</Ray>
			</Effect>
		</Weapon>

	</ItemType>

<!-- GLOBALS -->

	<Globals>
		(block Nil
			(setq intRingerCrime (lambda (severity description)
				(if (gr severity (int (objGetData gPlayerShip "ringerCrimeSeverity")))
					(block Nil
						(objSetData gPlayerShip "ringerCrimeSeverity" severity)
						(objSetData gPlayerShip "ringerCrime" description)
						)
					)
				))

			(setq intRingerOnDestroy (lambda Nil
				(block Nil
					; Destroy items on the station
					(rpgDestroyItems gSource)

					; Ringer crime
					(if (and gPlayerShip (eq aOrderGiver gPlayerShip))
						(intRingerCrime 3 (cat "the destruction of " (objGetName gSource 4)))
						)
					)
				))
			)
	</Globals>

	<!-- Ringer Imprison -->

	<DockScreen UNID="&dsRingerImprison;"	nestedScreen="true">

		<Panes>
			<Default>
				<OnPaneInit>
					(scrSetDesc gScreen (cat "As you enter the station you are surrounded by warrior ringers. A ringer dressed in blue approaches you: \"For " (objGetData gPlayerShip "ringerCrime") " you will be made safe in frozen confinement.\"" ))
				</OnPaneInit>

				<Actions>
					<Action name="Continue" default="1" cancel="1" key="C">
						(block Nil
							(plyDestroyed gPlayer (cat "was cryofrozen by the Ringers for " (objGetData gPlayerShip "ringerCrime")))
							(scrExitScreen gScreen 'forceUndock)
							)
					</Action>
				</Actions>
			</Default>
		</Panes>
	</DockScreen>
	
<!-- BASE CLASSES -->
	
	<!-- Ringers Station Base Class
	
	USAGE: Ringers stations should inherit from this class. Derrived classes
		should manually call OnCreate and OnDestroy in case they need to override
		those events.
	
	-->
	
	<StationType unid="&baRingersStation;"
			name=			"(Ringers station base class)"
			virtual=		"true"
			>
		
		<Events>
			<OnDestroy>
				(intRingerOnDestroy)
			</OnDestroy>
		</Events>
	</StationType>

<!-- RINGERS

	PLAYER DATA

	ringerCrime:	Description of the player's crime (e.g., "destruction of xyz")
	ringerCrimeSeverity: The severity of the crime
						0 = No crime
						1 = Social violation
						2 = Dangerous deviance
						3 = Existential threat
-->

	<Sovereign UNID="&svRingers;"
			name="Ringers"
			alignment="constructive chaos"
			>

		<Events>
			<GetGlobalDockScreen>
				(switch
					; This only applies to ringer stations
					(not (objMatches gSource Nil "sTAV +ringers; +populated;"))
						Nil
						
					; If the player has deviated socially, she is frozen
					(geq (int (objGetData gPlayerShip "ringerCrimeSeverity")) 2)
						(list &dsRingerImprison; 8)

					Nil
					)
			</GetGlobalDockScreen>
		</Events>
	</Sovereign>

	<EconomyType UNID="&ecRinEconomy;"
			id=				"rin" 
			currency=		"rin|rin"
			conversion=		"500"
			/>

</TranscendenceModule>
