<?xml version="1.0" encoding="utf-8"?>

<TranscendenceModule>

	<Sovereign UNID="&svRogueFleet;"
			name="rogue fleet"
			alignment="destructive chaos"
			/>

	<!-- Rogue Mine Layer -->

	<ShipClass UNID="&scRogueMineLayer;"
			manufacturer=		"Pacific Defense Corporation"
			class=				"Aurochs"
			type=				"mine layer"
			defaultSovereign=	"&svRogueFleet;"

			size=				"65"
			mass=				"2000"
			cargoSpace=			"5600"
			thrustRatio=		"0.8"
			maxSpeed=			"15"

			explosionType=		"&vtBlastExplosion3;"
			leavesWreck=		"80"

			attributes=			""
			>

		<Armor>
			<ArmorSection start="345" span="30" armorID="&itP120HexphaseArmor;" />
			<ArmorSection start="315" span="30" armorID="&itP120HexphaseArmor;" />
			<ArmorSection start="285" span="30" armorID="&itP120HexphaseArmor;" />
			<ArmorSection start="255" span="30" armorID="&itP120HexphaseArmor;" />
			<ArmorSection start="225" span="30" armorID="&itP120HexphaseArmor;" />
			<ArmorSection start="195" span="30" armorID="&itP120HexphaseArmor;" />
			<ArmorSection start="165" span="30" armorID="&itP120HexphaseArmor;" />
			<ArmorSection start="135" span="30" armorID="&itP120HexphaseArmor;" />
			<ArmorSection start="105" span="30" armorID="&itP120HexphaseArmor;" />
			<ArmorSection start="75"  span="30" armorID="&itP120HexphaseArmor;" />
			<ArmorSection start="45"  span="30" armorID="&itP120HexphaseArmor;" />
			<ArmorSection start="15"  span="30" armorID="&itP120HexphaseArmor;" />
		</Armor>

		<Devices>
			<Device deviceID="&itNAMIMineLauncher;"/>
			<Device deviceID="&itR5Deflector;"/>
		</Devices>

		<Maneuver
			maxRotationRate=	"4.0"
			rotationAccel=		"0.5"
			/>

		<Image imageID="&rsAurochsHD;" imageWidth="96" imageHeight="96"		rotationCount="120" rotationColumns="12"/>

		<Effects>
			<Effect type="thrustMain"		posAngle="157"	posRadius="43"	posZ="0"	rotation="180"	effect="&efMainThrusterLarge;"/>
			<Effect type="thrustMain"		posAngle="180"	posRadius="42"	posZ="5"	rotation="180"	effect="&efMainThrusterLarge;"/>
			<Effect type="thrustMain"		posAngle="-157"	posRadius="43"	posZ="0"	rotation="180"	effect="&efMainThrusterLarge;"/>
		</Effects>

		<Items>
			<Item count="3d12" item="&itStaticMine;"/>
			<Item count="1d12" item="&itXenotiteFuelRod;"/>
		</Items>

		<Events>
			<OnOrdersCompleted>
				; GLOBALS
				; "MinePos" are the coordinates of the center of the area to mine
				;
				; "DropMine" is True if the ship should drop a mine at next point
				; "Target" is the marker for the next destination
				(block (minePos mineItem)
					(setq minePos (objGetData gSource "MinePos"))
					(setq mineItem (itmCreate &itStaticMine; 1))

					; We only do something if we've got mines and a place to go
					(if (and minePos (objHasItem gSource mineItem))
						(block (destPos)

							; Drop a mine if we are ready
							(if (objGetData gSource "DropMine")
								(block Nil
									(sysCreateWeaponFire &itStaticMine; gSource (objGetPos gSource) 0 0 Nil)
									(objRemoveItem gSource mineItem)
									)
								)

							; Delete the marker, if it exists
							(if (objGetObjRefData gSource "Target")
								(objDestroy (objGetObjRefData gSource "Target"))
								)

							; Pick a position to go to 
							(setq destPos (sysCreateMarker 
								""
								(sysVectorPolarOffset minePos (random 0 359) (random 1 4))
								(objGetSovereign gSource)
								))
							(objSetObjRefData gSource "Target" destPos)
							(shpOrderGoto gSource destPos)

							; Drop a mine when we reach the destination
							(objSetData gSource "DropMine" True)
							)
						)
					)
			</OnOrdersCompleted>
		</Events>

		<AISettings
			fireRateAdj=		"20"
			fireAccuracy=		"90"
			perception=			"4"
			
			combatStyle=		"standOff"
			/>

	</ShipClass>

	<!-- Rogue Fleet Cache -->

	<StationType UNID="&stRogueFleetCache;"
			name=				"Rogue Fleet cache"
			sovereign=			"&svRogueFleet;"
			abandonedScreen=	"&dsAbandonedStation;"
			dockingPorts=		"8"
			canAttack=			"true"

			multiHull=			"true"
			armorID=			"&itP120HexphaseArmor;"
			hitPoints=			"370"
            regen=              "1.1"
			fireRateAdj=		"20"
			explosionType=		"&vtThermoExplosion1;"
			ejectaType=			"&vtWreckEjecta;"

			attributes=			"enemy, envAir, envAvoidsFire, generic, human, populated, rogue, rogueFleet"
			levelFrequency=		"----- vcu-- ----- ----- -----"
			locationCriteria=	"+asteroids"
			>

		<ImageVariants>
			<Image			imageID="&rsStations1;" imageX="64" imageY="384" imageWidth="64" imageHeight="64"/>
			<Image			imageID="&rsStations1;" imageX="64" imageY="448" imageWidth="64" imageHeight="64"/>
		</ImageVariants>

		<Devices>
			<Device deviceID="&itTeV9Blaster;"	omnidirectional="true"/>
		</Devices>

		<Ships>
			<Ship		count="1d3"		class="&scCenturion;" orders="patrol" patrolDist="20"/>
			<Ship		count="1d3"		class="&scCenturion;" orders="guard"/>
		</Ships>

		<Items>
			<Item count="2d6"	  item="&itPteracniumFuelRod;"/>
			<Table>
				<Item	chance="25"	count="2d6" item="&itPteracniumFuelRod;"/>
				<Item	chance="30"	count="4d8" item="&itS3Missile;"/>
				<Item	chance="15"	count="2d8" item="&itP120HexphaseArmor;"/>
				<Item	chance="10"	count="1" item="&itTeV9Blaster;"/>
				<Lookup chance="10" count="1" table="&trConsumables8;"/>
				<Lookup chance="5"	count="1" table="&trMinorItem8;"/>
				<Lookup chance="5"	count="1" table="&trMajorItem8;"/>
			</Table>
		</Items>

	</StationType>

	<!-- Rogue Fleet Settlement -->

	<StationType UNID="&stRogueFleetSettlement;"
			name=				"Rogue Fleet settlement"
			sovereign=			"&svRogueFleet;"
				 
			attributes=			"enemy, envAir, envAvoidsFire, generic, human, populated, rogue, rogueFleet"
				 
			abandonedScreen=	"&dsAbandonedStation;"
				 
			armorID=			"&itP120HexphaseArmor;"
			hitPoints=			"950"
			multiHull=			"true"
			regen=              "4.8"
			shipRepairRate=		"1"
				 
			canAttack=			"true"
			fireRateAdj=		"20"
			explosionType=		"&vtThermoExplosion2;"
			ejectaType=			"&vtWreckEjecta;"
			>

		<!-- Encounter Info -->

		<Encounter
				levelFrequency=		"----- -rcr- ----- ----- -----"
				locationCriteria=	"+asteroids"
				/>

		<!-- Trade and Items -->

		<Items>
			<Table>
				<Item	chance="20"	count="2d6" item="&itPteracniumFuelRod;"/>
				<Item	chance="20"	count="4d8" item="&itS3Missile;"/>
				<Item	chance="10"	count="2d8" item="&itM2Missile;"/>
				<Lookup chance="25" count="1" table="&trConsumables9;"/>
				<Lookup chance="15" count="1" table="&trMinorItem9;"/>
				<Lookup chance="10" count="1" table="&trMajorItem9;"/>
			</Table>
		</Items>
		
		<!-- Configuration -->
		
		<Devices>
			<Device deviceID="&itStarCannon;"	omnidirectional="true"/>
		</Devices>

		<!-- Ships and Defenses -->
		
		<Ships>
			<Ship		count="1"		class="&scCenturionX;" orders="patrol" patrolDist="20">
				<Escorts>
					<Ship		count="1d3"		class="&scCenturion;" orders="escort"/>
				</Escorts>
			</Ship>
			<Ship		count="1"		class="&scCenturionX;" orders="guard"/>
			<Ship		count="1d3"		class="&scCenturion;" orders="guard"/>
		</Ships>

		<!-- Image and Effects -->
		
		<Image			imageID="&rsStations8;" imageX="128" imageY="896" imageWidth="128" imageHeight="128" viewportRatio="0.01"/>

		<DockingPorts
				portCount=		"8"
				portRadius=		"85"
				>
		</DockingPorts>
	</StationType>

	<EncounterTable UNID="&etRogueAmbush1;">
		<Table>
			<Ship chance="30"	count="1d3"	class="&scCenturion;"	orders="attack" sovereign="&svRogueFleet;"/>
			<Ship chance="50"	count="1"	class="&scCenturion;"	orders="attack"	sovereign="&svRogueFleet;">
				<Escorts>
					<Ship count="2"	class="&scCenturion;" orders="escort"/>
				</Escorts>
			</Ship>
			<Ship chance="20"	count="1"	class="&scCenturionX;"	orders="attack" sovereign="&svRogueFleet;"/>
		</Table>
	</EncounterTable>

	<EncounterTable UNID="&etRogueAmbush2;">
		<Table>
			<Ship chance="50"	count="1"	class="&scCenturionX;"	orders="attack"	sovereign="&svRogueFleet;">
				<Escorts>
					<Ship count="2"	class="&scCenturion;" orders="escort"/>
				</Escorts>
			</Ship>
			<Ship chance="30"	count="2d2"	class="&scCenturion;"	orders="attack" sovereign="&svRogueFleet;"/>
			<Ship chance="20"	count="1d2"	class="&scCenturionX;"	orders="attack" sovereign="&svRogueFleet;"/>
		</Table>
	</EncounterTable>

</TranscendenceModule>
