<?xml version="1.0" encoding="utf-8"?>

<!DOCTYPE TranscendenceAdventure
	[
	<!-- 0020xxxx THE STARS OF THE PILGRIM ADVENTURE ======================= -->
	
	<!-- 0000-000F CORE/COMPATIBILITY -->
	
	<!ENTITY unidStarsOfThePilgrim		"0x00200000">
	<!-- HUMAN SPACE LIBRARY 0x00200001 -->
	<!-- HUMAN SPACE LIBRARY 0x00200002 -->
	<!-- HUMAN SPACE LIBRARY 0x00200003 -->
	<!ENTITY unidPartISystemMap			"0x00200004">
	<!ENTITY msReachGalacticCore		"0x00200005">
	<!ENTITY unidBenedictStoryArc		"0x00200006">
	<!ENTITY dsBenedictIntro			"0x00200007">
	<!ENTITY msBenedictsDrones			"0x00200008">
	<!ENTITY msBenedictAndFiona			"0x00200009">
	<!-- UNUSED 0x0020000A -->
	<!ENTITY msBenedictToKorolov		"0x0020000B">
	<!ENTITY msBenedictTraining			"0x0020000C">
	
	<!-- 0010-005F BENEDICT MISSION ARC -->
	
	<!ENTITY msBenedictInNewBeyond		"0x00200010">
	<!ENTITY tbBenedict04Encounters		"0x00200011">
	<!ENTITY msFionaInStKats			"0x00200012">
	<!ENTITY msFindHandOfSolace			"0x00200013">
	<!ENTITY stHandOfSolaceWreck		"0x00200014">
	<!ENTITY ovBenedict05ScanRange		"0x00200015">
	<!ENTITY tbBenedict05Encounters		"0x00200016">
	<!ENTITY msInfiltratePenitents		"0x00200017">
	<!ENTITY svBenedict06Infiltrate		"0x00200018">
	<!ENTITY evBenedict06PenitentBase	"0x00200019">
	<!ENTITY ovBenedict06Disarm			"0x0020001A">
	<!ENTITY msRescueBenedict			"0x0020001B">
	<!ENTITY evBenedict07PenitentWreck	"0x0020001C">
	<!ENTITY msRescueChildrenFromPenitents	"0x0020001D">
	<!ENTITY evBenedict08PenitentBase	"0x0020001E">
	<!ENTITY evBenedict07FionaWreck		"0x0020001F">
	<!ENTITY evBenedict06PenitentShip	"0x00200020">
	
	<!-- 0021xxxx HUARI ==================================================== -->
	
	<!ENTITY smHuariSpace				"0x00210001">
	
	<!-- 0082xxxx PART I SOUNDTRACK ======================================== -->

	<!ENTITY muDominaMainTheme			"0x00820020">
	<!ENTITY muDominaEndTitles01		"0x00820120">
	]>
	
<TranscendenceAdventure
		UNID=				"&unidStarsOfThePilgrim;"
		name=				"Domina &amp; Oracus I: The Stars of the Pilgrim"
		release=			"1" 
		version=			"1.0"
		>
	
	<Library unid="&unidCoreTypesLibrary;"/>
	<Library unid="&unidRPGLibrary;"/>
	<Library unid="&unidGalaxyLibrary;"/>
	<Library unid="&unidHumanSpaceLibrary;"/>

	<AdventureDesc
			unid=			"&adPart1Desc;"
			backgroundID=	"&rsPart1Cover;"
				
			startingShipCriteria=	"* +00200000_PlayerShip;"
			include10StartingShips=	"true" 
			startingSystem=			"SE"
			startingPos=			"Start"
			>
		
		<EncounterOverrides>
			<Encounter unid="&stTinkerGathering;"	minAppearing="1"/>
		</EncounterOverrides>

		<Language>
			<Text id="description">
				(cat
					"{/rtf Called by Domina to journey to the Galactic Core, you leave the safe environs "
					"of your home system and explore the farthest reaches of Human Space./n/n"

					"But dangers stalk your passage and even Domina's protection is no guarantee, for none "
					"who have been called have yet returned./n/n"

					"Will your pilgrimage be more successful?}"
					)
			</Text>
		</Language>

		<Events>
			<OnGameStart>
				(block Nil
					(gamSetCrawlImage &rsProlog1;)
					(gamSetCrawlSoundtrack &muDominaMainTheme;)
					(gamSetCrawlText (cat
						"When the dream came, you knew Domina had chosen you. "
						"You would sacrifice everything for the chance She offered: "
						"to join Her at the Galactic Core, the eternal temple of the gods.\n\n"
						"Leaving your former life behind, you begin the long journey. "
						"No matter what obstacles lie in your path "
						"you will not fail Domina. You will reach the Galactic Core."
						))
					)
			</OnGameStart>

			<OnGameEnd>
				(block Nil
					(gamSetCrawlImage
						(if (eq aEndGameReason 'leftHumanSpace)
							&rsEndGameEscaped;
							&rsEndGameDestroyed;
							)
						)

					(gamSetCrawlSoundtrack &muDominaEndTitles01;)

					(gamSetCrawlText 
						(plyComposeString gPlayer
							(cat
								"%name% " aEpitaph ". "
								"%name% visited "
								(if (eq aSystemsVisited 1)
									"a single star system "
									(cat aSystemsVisited " star systems ")
									)
								"and destroyed "
								(switch
									(or (eq aEnemiesDestroyed 0) (not aBestEnemyClass))
										"no enemy ships"

									(eq aEnemiesDestroyed aBestEnemiesDestroyed)
										(if (eq aEnemiesDestroyed 1)
											(shpGetClassName aBestEnemyClass 0x04)
											(cat aEnemiesDestroyed " " (shpGetClassName aBestEnemyClass 0x02))
											)

									(eq aBestEnemiesDestroyed 1)
										(cat aEnemiesDestroyed " enemy ships, including " (shpGetClassName aBestEnemyClass 0x04))

									(cat aEnemiesDestroyed " enemy ships, including " aBestEnemiesDestroyed " " (shpGetClassName aBestEnemyClass 0x02))
									)
								". "
								(if (eq aEndGameReason 'leftHumanSpace)
									"\n\nTo be continued..."
									"%He% never reached the Galactic Core."
									)
								)
							)
						)
					)
			</OnGameEnd>

			<GetGlobalAchievements>
				(intGetGlobalAchievements)
			</GetGlobalAchievements>
				
			<OnGlobalUniverseCreated>
				(block (theMission)

					; Give the "Reach the Galactic Core" mission to the player

					(setq theMission (msnCreate &msReachGalacticCore; Nil))
					(if theMission
						(msnAccept theMission)
						)
					)
			</OnGlobalUniverseCreated>
		</Events>

		<StaticData>
			<!--
				This is needed by trnCreateAllStargates (which is used by all 
				standard systems) to figure out which node is closest to the
				Galactic Core. This allows us to create inbound vs. outbound
				stargates.
				-->
			<defaultCorewardNode>"G2"</defaultCorewardNode>
		</StaticData>
	</AdventureDesc>
		
	<Module filename="Benedict00.xml"/>
	<Module filename="Benedict01.xml"/>
	<Module filename="Benedict02.xml"/>
	<Module filename="Benedict03.xml"/>
	<Module filename="Benedict04.xml"/>
	<Module filename="Benedict05.xml"/>
	<Module filename="Benedict05A.xml"/>
	<Module filename="Benedict06.xml"/>
	<Module filename="Benedict07.xml"/>
	<Module filename="Benedict08.xml"/>
	<Module filename="BenedictStoryArc.xml"/>
	<Module filename="Elysium.xml"/>
	<Module filename="Huari.xml"/>
	<Module filename="PlayerShips.xml"/>
		
<!-- ADVENTURE MAP -->

	<SystemMap UNID="&unidPartISystemMap;"
			displayOn="&smHumanSpace;"
			>
			
		<TopologyCreator>
			<Node ID="NewBeyondMainline"/>
			<Stargate from="CP:Outbound" to="SK:Inbound"/>
			
			<Node ID="UngovernedTerritoriesMainline"/>
			<Stargate from="C9:Outbound" to="A1:Inbound"/>
			
			<Node ID="OuterRealmMainline"/>
			<Stargate from="G2:Outbound" to="EndGame"/>
			
			<Node ID="Elysium"/>
		</TopologyCreator>
		
		<Node	ID="EndGame"
				endGame="true"
				endGameReason="leftHumanSpace"
				epitaph="left Human Space on a journey to the Galactic Core"
				>
		</Node>

		<Node ID="Elysium">
			<System
					UNID=				"&ssElysium;"
					name=				"Elysium"
					level=				"5"
					/>

			<Stargates>
				<Stargate name="SE" to="SE:Outbound"/>
				<Stargate name="BA" to="BA:Outbound"/>
				<Stargate name="SK" to="SK:Outbound"/>
				<Stargate name="C6" to="C6:Outbound"/>
				<Stargate name="CD" to="CD:Outbound"/>
				<Stargate name="C9" to="C9:Outbound"/>
				<Stargate name="EC" to="EC:Outbound"/>
				<Stargate name="PJ" to="PJ:Outbound"/>
				<Stargate name="G2" to="G2:Inbound"/>
			</Stargates>
		</Node>
	</SystemMap>

<!-- SPECIAL MISSIONS -->
	
	<MissionType UNID="&msReachGalacticCore;"
			name=				"Reach Galactic Core"
			attributes=			""

			level=				"10"
				 
			noDebrief=			"true"
			noStats=			"true"
			>
		
		<Language>
			<Text id="Name">
				"Reach the Galactic Core"
			</Text>
			<Text id="Summary">
				(cat
					"When the dream came, you knew Domina had chosen you. "
					"You would sacrifice everything for the chance She offered: "
					"to join Her at the Galactic Core, the eternal temple of the gods.\n\n"
					"Leaving your former life behind, you begin the long journey. "
					"No matter what obstacles lie in your path "
					"you will not fail Domina. You will reach the Galactic Core.\n\n"
					"System: Unknown\n"
					"Payment: Unknown"
					)
			</Text>
		</Language>
	</MissionType>

<!-- RESOURCES -->

	<Image UNID="&rsPart1Cover;"		bitmap="Resources\Part1Cover.jpg"			loadOnUse="true" />
	<Image UNID="&rsProlog1;"			bitmap="Resources\Prolog1.jpg"				loadOnUse="true" />

</TranscendenceAdventure>
